Ticker,ESG Score,Governance Score,Environment Score,Social Score,ESG Score Date,ESG Status,CEO Full Name,CEO Gender,CEO Status,Year,New ESG Date,Adjusted Close,YTD,YTD Before ESG,Headquarters Location,Sector
MMM,33.61,7.72,12.33,13.56,01/08/2022,success,Mr. Michael F. Roman,male,success,22,2022-01-08,160.49114990234375,-0.19504760901228368,-0.0497357428593761,"Saint Paul, Minnesota",Industrials
AOS,25.43,6.27,7.29,11.87,01/01/2023,success,Mr. Kevin J. Wheeler,male,success,23,2023-01-01,57.85462951660156,0.05774398327288999,-0.04231013100002867,"Milwaukee, Wisconsin",Industrials
ABT,24.98,8.36,3.03,13.59,01/08/2022,success,Mr. Robert B. Ford,male,success,22,2022-01-08,130.418701171875,-0.22473870681757424,0.19001244846616738,"North Chicago, Illinois",Health Care
ABBV,27.84,9.95,1.12,16.77,01/08/2022,success,Mr. Richard A. Gonzalez,male,success,22,2022-01-08,126.17809295654297,0.1247718732197125,0.28914656134323025,"North Chicago, Illinois",Health Care
ACN,9.71,4.83,0.29,4.58,01/08/2022,success,Ms. Julie T. Spellman Sweet,female,success,22,2022-01-08,362.22491455078125,-0.1575826285341989,0.4402664958991701,"Dublin, Ireland",Information Technology
ADM,36.4,5.01,18.23,13.16,01/08/2022,success,Mr. Juan Ricardo Luciano,male,success,22,2022-01-08,67.0747299194336,0.2956735514866585,0.19338119968582246,"Chicago, Illinois",Consumer Staples
ADBE,12.46,4.64,1.89,5.93,01/08/2022,success,Mr. Shantanu  Narayen,male,success,22,2022-01-08,525.8300170898438,-0.3993619685393407,0.23052193684214317,"San Jose, California",Information Technology
ADP,13.97,5.94,1.07,6.96,01/08/2022,success,Ms. Maria  Black,female,success,22,2022-01-08,224.81552124023438,0.2012360129423224,0.29151234729711084,"Roseland, New Jersey",Information Technology
AES,34.15,6.47,16.48,11.2,01/01/2023,success,Mr. Andres Ricardo Gluski Weilert,male,success,23,2023-01-01,27.219043731689453,-0.538217252422456,0.1951876710539644,"Arlington, Virginia",Utilities
AFL,17.3,9.57,0.47,7.26,01/08/2022,success,Mr. Daniel Paul Amos,male,success,22,2022-01-08,59.912654876708984,0.07863111147394464,0.16459658135409072,"Columbus, Georgia",Financials
A,15.24,6.26,0.34,8.65,01/01/2023,success,Mr. Michael R. McMullen,male,success,23,2023-01-01,149.20962524414062,-0.3787408077511155,0.16596231642026205,"Santa Clara, California",Health Care
APD,10.81,3.59,5.94,1.28,01/08/2022,success,Mr. Seifollah  Ghasemi,male,success,22,2022-01-08,282.48602294921875,-0.055372049391205214,0.10926600060390945,"Allentown, Pennsylvania",Materials
AKAM,16.55,6.72,2.93,6.9,01/01/2023,success,Dr. F. Thomson Leighton,male,Manually added gender,23,2023-01-01,84.97000122070312,0.18109048211841916,-0.31194351938441334,"Cambridge, Massachusetts",Information Technology
ALB,28.8,7.73,15.53,5.54,01/01/2023,success,Mr. Jerry Kent Masters Jr.,male,success,23,2023-01-01,213.25906372070312,-0.6938129618145082,0.11315769854788837,"Charlotte, North Carolina",Materials
ARE,13.85,6.27,3.91,3.66,01/01/2023,success,Mr. Peter M. Moglia,male,success,23,2023-01-01,139.35076904296875,-0.4737033007493473,-0.26123618413774097,"Pasadena, California",Real Estate
ALLE,23.72,6.43,12.75,4.54,01/01/2023,success,Mr. John H. Stone,male,success,23,2023-01-01,106.3807144165039,-0.15199173565109114,0.004043420995435865,"Dublin, Ireland",Industrials
LNT,21.87,6.18,10.04,5.65,01/01/2023,success,Mr. John O. Larsen,male,success,23,2023-01-01,53.50203323364258,-0.07340645027678971,-0.0786938813517688,"Madison, Wisconsin",Utilities
ALL,19.22,9.94,1.44,7.85,01/08/2022,success,Mr. Thomas Joseph Wilson II,male,success,22,2022-01-08,117.50277709960938,0.0886413180831076,0.06504025206187691,"Northbrook, Illinois",Financials
GOOGL,24.14,11.39,1.66,11.1,01/08/2022,success,Mr. Sundar  Pichai,male,success,22,2022-01-08,138.66949462890625,-0.3084019843687673,0.3761813071168494,"Mountain View, California",Information Technology
MO,23.99,6.35,4.66,12.98,01/08/2022,success,Mr. William F. Gifford Jr.,male,success,22,2022-01-08,43.813232421875,0.009042924291777332,-0.009075585606480252,"Richmond, Virginia",Consumer Staples
AMZN,30.28,9.89,5.59,14.8,01/08/2022,success,Mr. Andrew R. Jassy,male,success,22,2022-01-08,161.48599243164062,-0.28214700933616366,0.10260755035006708,"Seattle, Washington",Consumer Discretionary
AEE,29.53,5.49,14.11,9.93,01/01/2023,success,Mr. Martin J. Lyons Jr.,male,success,23,2023-01-01,86.46577453613281,-0.11067870163287552,-0.018773964420616074,"St. Louis, Missouri",Utilities
AAL,29.1,5.26,11.53,12.31,01/01/2023,success,Mr. Robert D. Isom Jr.,male,success,23,2023-01-01,12.739999771118164,-0.30927830229226083,-0.2774376597958782,"Fort Worth, Texas",Industrials
AEP,25.81,5.43,12.84,7.54,01/08/2022,success,Ms. Julia A. Sloat,female,success,22,2022-01-08,84.07566833496094,0.032231730340321896,0.08513360969484207,"Columbus, Ohio",Utilities
AXP,18.38,9.95,0.05,8.37,01/08/2022,success,Mr. Stephen Joseph Squeri,male,success,22,2022-01-08,169.43991088867188,-0.12458089782772985,0.17185150340694544,"New York City, New York",Financials
AIG,25.32,13.79,1.87,9.67,01/08/2022,success,Mr. Peter Salvatore Zaffino,male,success,22,2022-01-08,58.89976501464844,0.0341781608958055,0.2562519630792356,"New York City, New York",Financials
AMT,10.94,5.02,2.36,3.56,01/08/2022,success,Mr. Thomas A. Bartlett CPA,male,success,22,2022-01-08,251.12867736816406,-0.15634507895019456,0.23709344806026544,"Boston, Massachusetts",Real Estate
AWK,21.89,5.27,9.04,7.58,01/01/2023,success,Ms. M. Susan Hardwick,female,success,23,2023-01-01,151.0907440185547,-0.2627779710308247,-0.04881763819374374,"Camden, New Jersey",Utilities
AMP,22.61,12.82,2.57,7.22,01/01/2023,success,Mr. James M. Cracchiolo,male,success,23,2023-01-01,305.64697265625,-0.07582562882441124,0.10605538514240187,"Minneapolis, Minnesota",Financials
AME,24.08,6.92,8.65,8.51,01/01/2023,success,Mr. David A. Zapico,male,success,23,2023-01-01,139.80645751953125,-0.014510486464117567,0.08293951717521286,"Berwyn, Pennsylvania",Industrials
AMGN,22.04,7.89,0.69,13.46,01/08/2022,success,Mr. Robert A. Bradway,male,success,22,2022-01-08,215.83558654785156,0.24360862418475748,-0.05680329612798696,"Thousand Oaks, California",Health Care
APH,21.35,7.81,8.04,5.49,01/01/2023,success,Mr. Richard Adam Norwitt,male,success,23,2023-01-01,75.80946350097656,0.026188874809050744,0.05830820642884471,"Wallingford, Connecticut",Information Technology
ADI,23.78,5.9,10.13,7.74,01/08/2022,success,Mr. Vincent T. Roche,male,success,22,2022-01-08,164.88172912597656,-0.06730747167704587,0.1386832823588139,"Wilmington, Massachusetts",Information Technology
ANSS,13.05,4.86,0.86,7.32,01/01/2023,success,Dr. Ajei S. Gopal Ph.D.,male,Manually added gender,23,2023-01-01,238.63999938964844,0.056447050562216106,-0.2224221553756799,"Canonsburg, Pennsylvania",Information Technology
AAPL,16.68,9.18,0.65,6.86,01/08/2022,success,Mr. Timothy D. Cook,male,success,22,2022-01-08,170.24485778808594,-0.06628279948017801,0.40604404961679685,"Cupertino, California",Information Technology
AMAT,11.56,5.1,3.84,2.62,01/08/2022,success,Mr. Gary E. Dickerson,male,success,22,2022-01-08,146.8545379638672,-0.3457181973451554,0.1833691419737722,"Santa Clara, California",Information Technology
APTV,11.51,5.27,2.49,3.75,01/01/2023,success,Mr. Kevin P. Clark,male,success,23,2023-01-01,92.94999694824219,-0.22764141299817897,-0.1600588995634129,"Dublin, Ireland",Consumer Discretionary
ACGL,20.75,11.98,1.47,7.31,01/01/2023,success,Mr. Marc  Grandisson,male,success,23,2023-01-01,62.459999084472656,0.26992116253524157,0.29516678716691536,"Hamilton, Bermuda",
ANET,16.4,7.11,0.4,8.88,01/01/2023,success,Ms. Jayshree V. Ullal,female,success,23,2023-01-01,120.91000366210938,0.3911330350996245,-0.05887502173977144,"Santa Clara, California",
AJG,21.28,10.47,0.11,10.7,01/01/2023,success,Mr. J. Patrick Gallagher Jr.,male,success,23,2023-01-01,185.75526428222656,0.1990509593140638,0.100307850712818,"Rolling Meadows, Illinois",Financials
AIZ,24.48,11.27,1.63,11.58,01/01/2023,success,Mr. Keith Warner Demmings,male,success,23,2023-01-01,124.73848724365234,0.12310813248906483,-0.34784557740138466,"Atlanta, Georgia",Financials
T,22.07,6.66,2.27,13.15,01/08/2022,success,Mr. John T. Stankey,male,success,22,2022-01-08,17.90015983581543,0.05436259471009108,-0.11424652621085118,"Dallas, Texas",Telecommunication Services
ATO,34.79,6.54,14.83,13.42,01/01/2023,success,Mr. John Kevin Akers,male,success,23,2023-01-01,108.31876373291016,-0.07330339970753841,-0.020895407592910753,"Dallas, Texas",
ADSK,16.05,4.44,3.41,8.19,01/01/2023,success,Dr. Andrew  Anagnost,male,Manually added gender,23,2023-01-01,185.14999389648438,-0.07211330339234356,-0.060226424197138084,"San Francisco, California",Information Technology
AZO,11.04,3.83,0.11,7.09,01/01/2023,success,Mr. William C. Rhodes III,male,success,23,2023-01-01,2431.06005859375,0.02348859641196943,0.20687450202672186,"Memphis, Tennessee",Consumer Discretionary
AVB,10.53,4.56,2.95,3.02,01/08/2022,success,Mr. Benjamin W. Schall,male,success,22,2022-01-08,233.81483459472656,-0.2854113653521,0.34264128395082716,"Arlington, Virginia",Real Estate
AVY,15.38,3.67,10.58,1.14,01/01/2023,success,Mr. Deon M. Stander,male,success,23,2023-01-01,180.78623962402344,-0.0683980395640923,0.08842702445855788,"Mentor, Ohio",Materials
BALL,10.81,3.79,5.92,1.11,01/01/2023,success,Mr. Daniel William Fisher,male,success,23,2023-01-01,51.395973205566406,-0.16636783118299348,-0.4823767713155789,"Broomfield, Colorado",
BAC,27.15,11.16,1.62,14.37,01/08/2022,success,Mr. Brian Thomas Moynihan,male,success,22,2022-01-08,46.74287414550781,-0.1724082739465681,0.17337199099812606,"Charlotte, North Carolina",Financials
BBWI,15.5,4.48,2.59,8.43,01/01/2023,success,Ms. Gina R. Boswell,female,success,23,2023-01-01,42.25649642944336,-0.41029402718997277,0.08760263755937236,"Columbus, Ohio",
BAX,23.74,7.31,2.83,13.6,01/08/2022,success,Mr. Jose E. Almeida,male,success,22,2022-01-08,83.04579162597656,-0.3990629140954888,0.053087923627742284,"Deerfield, Illinois",Health Care
BDX,26.74,7.48,3.7,15.56,01/08/2022,success,Mr. Thomas E. Polen Jr.,male,success,22,2022-01-08,246.69505310058594,-0.028696712199768104,0.056130109022352825,"Franklin Lakes, New Jersey",Health Care
WRB,21.97,12.04,1.97,7.95,01/01/2023,success,Mr. William Robert Berkley Jr.,male,success,23,2023-01-01,71.16522216796875,-0.025911538234142717,0.11723825756046857,"Greenwich, Connecticut",
BRK-B,16.02,11.65,0.58,3.8,01/08/2022,success,Mr. Warren E. Buffett,male,success,22,2022-01-08,318.92999267578125,-0.009408881045138484,0.17223113162991532,,
BBY,14.15,4.75,2.22,7.19,01/01/2023,success,Ms. Corie Sue Barry,female,success,23,2023-01-01,77.5159912109375,-0.25899532761453314,-0.010331603425388858,"Richfield, Minnesota",Consumer Discretionary
BIO,16.87,7.19,1.44,8.25,01/01/2023,success,Mr. Norman D. Schwartz,male,success,23,2023-01-01,422.42999267578125,-0.4869446857062729,-0.22492045672783278,"Hercules, California",
BIIB,21.05,7.81,0.02,13.22,01/08/2022,success,Mr. Christopher A. Viehbacher,male,success,22,2022-01-08,235.30999755859375,0.2948997736308666,-0.08900563457120014,"Cambridge, Massachusetts",Health Care
BLK,20.57,9.48,1.49,9.61,01/08/2022,success,Mr. Laurence Douglas Fink,male,success,22,2022-01-08,830.8646850585938,-0.12392249381352416,0.22982260347935834,"New York City, New York",Financials
BX,23.63,11.16,2.52,9.95,01/01/2023,success,"Mr. Stephen Allen Schwarzman B.A., M.B.A.",male,success,23,2023-01-01,73.5132064819336,0.021139836978469995,-0.39726422118122007,"New York City, New York",
BK,21.48,11.18,1.13,9.17,01/08/2022,success,Mr. Robin Antony Vince,male,success,22,2022-01-08,58.72829055786133,-0.26957454688092564,0.2448759923762086,"New York City, New York",Financials
BA,34.68,7.87,7.08,19.72,01/08/2022,success,Mr. David L. Calhoun,male,success,22,2022-01-08,209.30999755859375,-0.2267114325243328,-0.21797297955101758,"Arlington, Virginia",Industrials
BKNG,22.33,7.83,2.02,12.48,01/08/2022,success,Mr. Glenn D. Fogel,male,success,22,2022-01-08,2426.39990234375,-0.2078085636821465,0.054071576839509916,"Norwalk, Connecticut",Consumer Discretionary
BWA,12.78,5.71,2.86,4.21,01/01/2023,success,Mr. Frederic B. Lissalde,male,success,23,2023-01-01,35.07139587402344,-0.0887182933775652,0.12515214997513657,"Auburn Hills, Michigan",Consumer Discretionary
BXP,12.51,5.45,2.54,4.52,01/01/2023,success,Mr. Owen David Thomas,male,success,23,2023-01-01,63.193809509277344,-0.21615856753191598,-0.5678070443652451,"Boston, Massachusetts",Real Estate
BSX,26.33,10.63,3.0,12.69,01/08/2022,success,Mr. Michael F. Mahoney,male,success,22,2022-01-08,42.40999984741211,0.024360732472093694,0.1324165880445336,"Marlborough, Massachusetts",Health Care
BMY,22.83,7.56,0.34,14.93,01/08/2022,success,Dr. Giovanni  Caforio M.D.,male,Manually added gender,22,2022-01-08,61.5003662109375,0.20569644008495658,0.029964072006933296,"New York City, New York",Health Care
AVGO,22.41,6.66,8.82,6.92,01/08/2022,success,Mr. Hock E. Tan,male,success,22,2022-01-08,591.1187133789062,-0.15051443718996615,0.40811699589710193,"San Jose, California",Information Technology
BR,16.21,6.38,0.82,9.01,01/01/2023,success,Mr. Timothy C. Gokey,male,success,23,2023-01-01,132.66708374023438,0.15303533782081158,-0.10363481682126452,"Lake Success, New York",
BRO,21.43,10.71,0.16,10.56,01/01/2023,success,Mr. J. Powell Brown C.P.C.U.,male,success,23,2023-01-01,56.23944091796875,0.18454477405549807,-0.21133144690043204,"Daytona Beach, Florida",
BF-B,22.0,5.4,7.18,9.42,01/01/2023,success,Mr. Lawson E. Whiting,male,success,23,2023-01-01,64.37628936767578,-0.15910988016133376,0.0036147716257345364,,
BG,34.09,5.27,15.25,13.57,01/01/2023,success,Mr. Gregory A. Heckman,male,success,23,2023-01-01,93.1666030883789,0.105434472817582,-0.014524481213907703,"Chesterfield, Missouri",
CHRW,20.07,5.63,5.15,9.29,01/01/2023,success,Mr. David P. Bozeman,male,success,23,2023-01-01,88.57225799560547,-0.18624742701360997,-0.12289864319371291,"Eden Prairie, Minnesota",Industrials
CDNS,12.19,4.72,1.41,6.06,01/01/2023,success,Dr. Anirudh  Devgan Ph.D.,male,Manually added gender,23,2023-01-01,159.63999938964844,0.25652213696326254,0.02336322367005561,"San Jose, California",Information Technology
CPT,15.94,7.34,4.47,4.13,01/01/2023,success,Mr. Richard J. Campo,male,success,23,2023-01-01,107.44255065917969,-0.3310528692928745,-0.354782248527604,"Houston, Texas",
CPB,23.55,4.47,10.93,8.15,01/01/2023,success,Mr. Mark A. Clouse,male,success,23,2023-01-01,54.502593994140625,-0.21396482058784283,0.28029496892497197,"Camden, New Jersey",Consumer Staples
COF,22.62,9.22,0.07,13.33,01/08/2022,success,Mr. Richard D. Fairbank,male,success,22,2022-01-08,150.45188903808594,-0.243298247102538,0.17212822685860263,"Tysons Corner, Virginia",Financials
CAH,12.28,4.86,1.51,5.9,01/08/2022,success,Mr. Jason M. Hollar,male,success,22,2022-01-08,48.57406997680664,0.4704257230942649,-0.11304948141559301,"Dublin, Ohio",Health Care
KMX,12.1,3.99,0.09,8.02,01/01/2023,success,Mr. William D. Nash,male,success,23,2023-01-01,60.63999938964844,-0.10982975246570437,-0.37400408559454534,"Richmond, Virginia",Consumer Discretionary
CCL,23.69,3.82,10.01,9.86,01/08/2022,success,Mr. Joshua Ian Weinstein,male,success,22,2022-01-08,21.399999618530273,-0.5916912115571594,-0.1788289908994124,"Miami, Florida",Consumer Discretionary
CBOE,20.95,10.64,2.73,7.58,01/01/2023,success,Mr. Frederic J. Tomczyk,male,success,23,2023-01-01,126.33000183105469,0.2955041374885874,0.0991535493471194,"Chicago, Illinois",Financials
CBRE,6.84,3.17,1.27,2.4,01/01/2023,success,Mr. Robert E. Sulentic,male,success,23,2023-01-01,78.44000244140625,-0.20626369509380538,-0.1264074800282391,"Dallas, Texas",Real Estate
CDW,9.23,3.54,2.4,3.29,01/01/2023,success,Ms. Christine A. Leahy,female,success,23,2023-01-01,177.34800720214844,0.03688905915580565,0.04220836196949329,"Lincolnshire, Illinois",
CE,29.27,6.47,15.09,7.71,01/01/2023,success,Ms. Lori J. Ryerkerk BS,female,success,23,2023-01-01,99.82657623291016,-0.03367113074058459,-0.24550493281177665,"Irving, Texas",
CNC,20.61,7.22,0.09,13.28,01/01/2023,success,Ms. Sarah M. London,female,success,23,2023-01-01,79.73999786376953,-0.08322458414254286,-0.00340655134051171,"St. Louis, Missouri",Health Care
CNP,25.56,5.42,10.58,9.56,01/01/2023,success,"Mr. David John Lesar B.Sc., C.P.A., M.B.A.",male,success,23,2023-01-01,28.769683837890625,-0.08221594437081403,0.013623315501557376,"Houston, Texas",Utilities
CF,30.03,5.49,16.82,7.73,01/01/2023,success,Mr. W. Anthony Will,male,success,23,2023-01-01,80.2767105102539,0.029186514357733784,-0.12277112613012164,"Deerfield, Illinois",Materials
SCHW,24.01,11.79,2.08,10.14,01/08/2022,success,Mr. Walter William Bettinger II,male,success,22,2022-01-08,89.12924194335938,-0.03616264995189,0.28888253253729124,"Westlake, Texas",Financials
CHTR,26.53,7.86,5.57,13.1,01/08/2022,success,Mr. Christopher L. Winfrey,male,success,22,2022-01-08,605.4299926757812,-0.360222002629387,0.08348593626594414,"Stamford, Connecticut",Consumer Discretionary
CVX,37.61,10.29,18.61,8.71,01/08/2022,success,Mr. Michael K. Wirth,male,success,22,2022-01-08,116.19461822509766,0.42061094704613977,0.1619310731140553,"San Ramon, California",Energy
CMG,23.64,4.69,5.5,13.45,01/01/2023,success,Mr. Brian R. Niccol,male,success,23,2023-01-01,1371.1300048828125,0.1883837316141066,-0.09009095251366084,"Newport Beach, California",Consumer Discretionary
CB,23.85,10.58,1.67,11.59,01/08/2022,success,Mr. Evan G. Greenberg,male,success,22,2022-01-08,193.0941925048828,0.11686058418736966,0.24064625763464365,"Zurich, Switzerland",Financials
CHD,19.79,6.62,6.53,6.63,01/01/2023,success,Mr. Matthew Thomas Farrell,male,success,23,2023-01-01,81.04402923583984,0.13834702403094212,-0.17599101780799342,"Ewing, New Jersey",Consumer Staples
CINF,25.62,12.83,1.82,10.97,01/01/2023,success,"Mr. Steven Justus Johnston C.F.A., CERA, FCAS, MAAA",male,success,23,2023-01-01,101.80057525634766,-0.08277263953577085,-0.21873542464814444,"Fairfield, Ohio",Financials
CTAS,18.25,5.88,3.21,9.17,01/01/2023,success,Mr. Todd M. Schneider,male,success,23,2023-01-01,444.3990478515625,0.1385851883394763,0.091163890384787,"Mason, Ohio",Industrials
CSCO,12.07,6.45,0.03,5.59,01/08/2022,success,Mr. Charles H. Robbins,male,success,22,2022-01-08,58.4986572265625,-0.1423658181597678,0.2478695932306183,"San Jose, California",Information Technology
C,26.68,11.82,1.75,13.11,01/08/2022,success,Ms. Jane Nind Fraser,female,success,22,2022-01-08,60.675689697265625,-0.2598229178600753,-0.14561181910756082,"New York City, New York",Financials
CFG,23.46,11.35,1.96,10.15,01/01/2023,success,Mr. Bruce Winfield Van Saun,male,success,23,2023-01-01,37.39009475708008,-0.48688302978358455,-0.06385606422281243,"Providence, Rhode Island",Financials
CLX,21.14,5.61,6.33,9.2,01/01/2023,success,Ms. Linda  Rendle,female,success,23,2023-01-01,137.68292236328125,-0.1642749991525636,0.05336302017826666,"Oakland, California",Consumer Staples
CME,14.59,6.24,2.13,6.21,01/08/2022,success,Mr. Terrence A. Duffy,male,success,22,2022-01-08,208.9760284423828,-0.2441400071192582,0.15607414520796037,"Chicago, Illinois",Financials
CMS,21.29,5.7,9.8,5.78,01/01/2023,success,Mr. Garrick J. Rochow,male,success,23,2023-01-01,61.64945983886719,-0.1212370230539268,-0.06101839511333218,"Jackson, Michigan",Utilities
KO,22.56,4.95,7.88,9.72,01/08/2022,success,Mr. James Robert B. Quincey,male,success,22,2022-01-08,57.35148620605469,0.02746365398475814,0.14726210625853442,"Atlanta, Georgia",Consumer Staples
CTSH,14.38,5.63,1.11,7.64,01/08/2022,success,Mr. Ravi Kumar Singisetti,male,success,22,2022-01-08,83.8910140991211,-0.26835501808441453,0.15970589349305864,"Teaneck, New Jersey",Information Technology
CL,22.12,6.72,6.06,9.35,01/08/2022,success,Mr. Noel R. Wallace,male,success,22,2022-01-08,79.6721420288086,-0.06998416219674408,0.09765403205587209,"New York City, New York",Consumer Staples
CMCSA,24.76,8.09,4.56,12.11,01/08/2022,success,Mr. Brian L. Roberts,male,success,22,2022-01-08,48.0484619140625,-0.37283514220309133,-0.04496631279875829,"Philadelphia, Pennsylvania",Consumer Discretionary
CMA,25.97,12.66,2.31,10.99,01/01/2023,success,Mr. Curtis Chatman Farmer,male,success,23,2023-01-01,62.86488723754883,-0.4152592318459226,-0.2525482229212407,"Dallas, Texas",Financials
CAG,31.73,4.88,10.96,15.89,01/01/2023,success,Mr. Sean M. Connolly,male,success,23,2023-01-01,37.26033401489258,-0.2793762002576273,0.18323189779742532,"Chicago, Illinois",Consumer Staples
COP,34.86,7.87,17.29,9.71,01/08/2022,success,Mr. Ryan M. Lance,male,success,22,2022-01-08,74.41681671142578,0.47979552720920793,0.37287427238841886,"Houston, Texas",Energy
ED,23.09,6.29,7.46,9.34,01/01/2023,success,Mr. Timothy P. Cawley,male,success,23,2023-01-01,92.43684387207031,-0.050064881714596554,0.052908103828897546,"New York City, New York",Utilities
STZ,25.79,5.4,10.35,10.04,01/08/2022,success,Mr. William A. Newlands,male,success,22,2022-01-08,240.3328094482422,0.06514664057611241,0.1105743637544433,"Victor, New York",Consumer Staples
COO,19.5,6.03,2.7,10.76,01/01/2023,success,Mr. Albert G. White III,male,success,23,2023-01-01,332.625,-0.0943522790665009,-0.1912884431750379,"San Ramon, California",Health Care
CPRT,18.05,5.41,1.61,11.03,01/01/2023,success,Mr. A. Jayson Adair,male,success,23,2023-01-01,30.729999542236328,0.27096547791175996,0.01767992257161599,"Dallas, Texas",
GLW,19.42,6.87,7.3,5.24,01/08/2022,success,Mr. Wendell P. Weeks,male,success,22,2022-01-08,35.207332611083984,-0.1873301441533164,-0.12988213832855944,"Corning, New York",Information Technology
CSGP,26.94,8.38,5.45,13.12,01/01/2023,success,Mr. Andrew C. Florance,male,success,23,2023-01-01,77.6500015258789,-0.06979611222828974,0.18636247973287234,"Washington, D.C.",
COST,24.19,5.72,7.26,11.21,01/08/2022,success,Mr. W. Craig Jelinek,male,success,22,2022-01-08,511.4787292480469,0.05233566118597721,0.49355064460908993,"Issaquah, Washington",Consumer Staples
CTRA,46.02,8.78,24.13,13.11,01/01/2023,success,Mr. Thomas E. Jorden,male,success,23,2023-01-01,22.173728942871094,0.13967145732982178,0.09126018750447207,"Houston, Texas",
CCI,13.2,5.06,5.21,2.92,01/08/2022,success,Mr. Jay A. Brown,male,success,22,2022-01-08,176.21168518066406,-0.25786452858508,0.2325322427553096,"Houston, Texas",Real Estate
CSX,20.09,3.44,7.45,9.19,01/08/2022,success,Mr. Joseph R. Hinrichs,male,success,22,2022-01-08,35.70500564575195,-0.1088970787079212,0.1874144899819401,"Jacksonville, Florida",Industrials
CMI,19.36,6.06,5.8,7.5,01/08/2022,success,Ms. Jennifer W. Rumsey,female,success,22,2022-01-08,218.97157287597656,0.16720151791182392,-0.1402041958802085,"Columbus, Indiana",Industrials
CVS,22.86,6.44,0.03,16.39,01/08/2022,success,Ms. Karen Sue Lynch,female,success,22,2022-01-08,99.5272445678711,-0.10180946223228637,0.3630728541143853,"Woonsocket, Rhode Island",Consumer Staples
DHI,21.74,5.74,9.35,6.66,01/01/2023,success,Mr. Paul J. Romanowski,male,success,23,2023-01-01,89.8493423461914,0.07004048502456361,0.23779661390093842,"Arlington, Texas",Consumer Discretionary
DHR,11.73,5.22,1.35,5.16,01/08/2022,success,Mr. Rainer M. Blair,male,success,22,2022-01-08,266.4906921386719,-0.09252995015138499,0.4013324227161136,"Washington, D.C.",Health Care
DRI,27.99,4.57,8.43,15.0,01/01/2023,success,Mr. Ricardo  Cardenas,male,success,23,2023-01-01,135.34295654296875,0.006833219394972279,0.09165484658652001,"Orlando, Florida",Consumer Discretionary
DVA,22.56,8.42,0.07,14.08,01/01/2023,success,Mr. Javier J. Rodriguez,male,success,23,2023-01-01,74.83999633789062,-0.03923156399777994,-0.38101566651415286,"Denver, Colorado",Health Care
DE,16.64,6.55,3.19,6.9,01/08/2022,success,Mr. John C. May II,male,success,22,2022-01-08,371.5923156738281,0.1258675699681312,-0.07226141201203584,"Moline, Illinois",Industrials
DAL,26.13,5.15,9.52,11.46,01/08/2022,success,Mr. Edward H. Bastian,male,success,22,2022-01-08,40.43168258666992,-0.0383630167832949,-0.1932454065240078,"Atlanta, Georgia",Industrials
XRAY,15.78,6.71,2.21,6.86,01/01/2023,success,Mr. Simon D. Campion,male,success,23,2023-01-01,32.32026672363281,-0.15638621126676144,-0.37942031296000445,"Charlotte, North Carolina",Health Care
DVN,36.69,7.83,20.71,8.15,01/01/2023,success,Mr. Richard E. Muncrief,male,success,23,2023-01-01,55.72502136230469,-0.23553395936799248,0.24389476161835588,"Oklahoma City, Oklahoma",Energy
DXCM,23.7,8.08,5.39,10.24,01/01/2023,success,Mr. Kevin Ronald Sayer,male,success,23,2023-01-01,114.7300033569336,-0.19611578049379597,0.04724170903257496,"San Diego, California",
DLR,12.61,7.0,2.8,2.81,01/01/2023,success,Mr. Andrew P. Power,male,success,23,2023-01-01,99.50847625732422,0.1176323031051747,-0.2769947004821206,"Austin, Texas",Real Estate
DFS,22.57,10.58,0.13,11.87,01/08/2022,success,Mr. John B. Owen,male,success,22,2022-01-08,121.37483215332031,-0.03250249076580902,0.23811844674864024,"Riverwoods, Illinois",Financials
DIS,14.88,6.9,0.06,7.92,01/08/2022,success,Mr. Robert A. Iger,male,success,22,2022-01-08,156.60000610351562,-0.2346274368879967,-0.15052613065123,"Burbank, California",Consumer Discretionary
DG,17.36,5.53,3.27,8.56,01/01/2023,success,Mr. Todd J. Vasos,male,success,23,2023-01-01,243.8177490234375,-0.5715031073573109,0.12498685418124178,"Goodlettsville, Tennessee",Consumer Discretionary
DLTR,14.87,4.06,3.4,7.41,01/01/2023,success,Mr. Richard W. Dreiling,male,success,23,2023-01-01,140.25999450683594,-0.26212292928017844,-0.08810179332660562,"Chesapeake, Virginia",Consumer Discretionary
D,25.38,5.73,11.11,8.55,01/08/2022,success,Mr. Robert M. Blue,male,success,22,2022-01-08,74.07576751708984,-0.1078010246563994,0.07160460710361372,"Richmond, Virginia",Utilities
DPZ,31.02,6.62,7.73,16.68,01/01/2023,success,Mr. Russell J. Weiner,male,success,23,2023-01-01,335.5317687988281,0.03080699545635701,-0.09266798232452667,"Ann Arbor, Michigan",
DOV,25.27,5.77,7.12,12.38,01/01/2023,success,Mr. Richard Joseph Tobin,male,success,23,2023-01-01,133.647705078125,-0.14140973696796943,-0.0976912600909089,"Downers Grove, Illinois",Industrials
DTE,30.09,4.77,15.28,10.04,01/01/2023,success,Mr. Gerardo  Norcia,male,success,23,2023-01-01,114.81156158447266,-0.15294981045273315,-0.08633660631447626,"Detroit, Michigan",Utilities
DUK,27.63,4.56,14.49,8.57,01/08/2022,success,Ms. Lynn J. Good,female,success,22,2022-01-08,96.37171936035156,-0.06515592626075606,0.1209269159701809,"Charlotte, North Carolina",Utilities
DD,28.95,7.39,13.44,8.12,01/08/2022,success,Mr. Edward D. Breen,male,success,22,2022-01-08,79.18621826171875,-0.22072571896321558,0.06604065621166733,"Wilmington, Delaware",
EMN,24.6,7.2,11.98,5.42,01/01/2023,success,Mr. Mark J. Costa,male,success,23,2023-01-01,79.72057342529297,-0.11605496353421663,-0.22694485646558127,"Kingsport, Tennessee",Materials
ETN,17.85,5.72,5.37,6.76,01/08/2022,success,Mr. Craig  Arnold,male,success,22,2022-01-08,159.9290313720703,-0.0047906240071518,0.24814144154213702,"Dublin, Ireland",Industrials
EBAY,17.11,6.84,0.93,9.33,01/08/2022,success,Mr. Jamie J. Iannone,male,success,22,2022-01-08,62.30756759643555,-0.32492186978479165,0.1385228705994368,"San Jose, California",Information Technology
ECL,24.09,6.17,9.48,8.44,01/08/2022,success,Mr. Christophe  Beck,male,success,22,2022-01-08,220.70925903320312,-0.15336276832483509,0.10751845463205856,"Saint Paul, Minnesota",Materials
EIX,27.43,5.5,10.73,11.2,01/08/2022,success,Dr. Pedro J. Pizarro,male,Manually added gender,22,2022-01-08,60.787750244140625,0.021418962162362054,0.1927917391771562,"Rosemead, California",Utilities
EW,19.33,7.63,2.86,8.85,01/01/2023,success,Mr. Bernard J. Zovighian,male,success,23,2023-01-01,74.2699966430664,-0.17413623940510536,-0.4256504225173616,"Irvine, California",Health Care
EA,10.36,4.72,0.13,5.52,01/08/2022,success,Mr. Andrew  Wilson,male,success,22,2022-01-08,127.56133270263672,0.007897227412131058,0.008983865201237395,"Redwood City, California",Information Technology
LLY,32.4,11.56,3.43,17.4,01/08/2022,success,Mr. David A. Ricks,male,success,22,2022-01-08,254.0965576171875,0.41961155088904634,0.4418697996273805,"Indianapolis, Indiana",Health Care
EMR,29.47,7.0,10.13,12.34,01/08/2022,success,Mr. Surendralal Lanca Karsanbhai,male,success,22,2022-01-08,90.94377899169922,0.011920194307746379,0.05893119977283878,"Ferguson, Missouri",Industrials
ETR,29.57,6.41,16.31,6.85,01/01/2023,success,Mr. Andrew S. Marsh,male,success,23,2023-01-01,104.5203628540039,-0.0925318455943569,0.008603833001399108,"New Orleans, Louisiana",Utilities
EOG,36.25,7.73,20.39,8.13,01/08/2022,success,Mr. Ezra Y. Yacob,male,success,22,2022-01-08,87.97972106933594,0.2944730734275196,0.30205815757913146,"Houston, Texas",Energy
EQT,36.64,7.54,19.03,10.08,01/01/2023,success,Mr. Toby Z. Rice,male,success,23,2023-01-01,31.29400062561035,0.2670762415740393,0.144137514514867,"Pittsburgh, Pennsylvania",Energy
EFX,25.76,6.98,0.16,18.63,01/01/2023,success,Mr. Mark W. Begor,male,success,23,2023-01-01,196.83767700195312,-0.2636510261640437,-0.14525864810452294,"Atlanta, Georgia",Industrials
EQIX,11.79,5.65,2.63,3.51,01/08/2022,success,Mr. Charles J. Meyers,male,success,22,2022-01-08,735.78515625,-0.21229625993548917,0.2411096443188604,"Redwood City, California",Real Estate
EQR,11.16,5.21,2.89,3.06,01/01/2023,success,Mr. Mark J. Parrell,male,success,23,2023-01-01,56.90162658691406,-0.10864101201707921,-0.370873975087745,"Chicago, Illinois",Real Estate
ESS,12.33,6.13,3.5,2.69,01/01/2023,success,Ms. Angela L. Kleiman,female,success,23,2023-01-01,204.5579376220703,-0.02616401626204523,-0.4322272379209964,"San Mateo, California",Real Estate
EL,25.91,7.68,6.88,11.34,01/08/2022,success,Mr. Fabrizio  Freda,male,success,22,2022-01-08,329.1806335449219,-0.3812448231063046,0.26031892492976216,"New York City, New York",Consumer Staples
ES,18.73,5.77,4.8,8.16,01/01/2023,success,Mr. Joseph R. Nolan Jr.,male,success,23,2023-01-01,81.83740997314453,-0.3792715851023355,-0.009422373080108293,"Hartford, Connecticut",Utilities
EXC,24.39,6.59,8.83,8.97,01/08/2022,success,Mr. Calvin  Butler Jr.,male,success,22,2022-01-08,37.9047966003418,-0.01506993314626337,0.30692556730999765,"Chicago, Illinois",Utilities
EXPE,25.7,9.81,2.11,13.79,01/01/2023,success,Mr. Peter Maxwell Kern,male,success,23,2023-01-01,87.68000030517578,-0.1494292161119546,-0.6740085879842979,"Seattle, Washington",Consumer Discretionary
EXPD,15.82,4.64,3.83,7.35,01/01/2023,success,Mr. Jeffrey S. Musser,male,success,23,2023-01-01,104.35066986083984,0.027321372928446053,0.07453637142665692,"Seattle, Washington",Industrials
EXR,14.08,5.99,3.81,4.28,01/01/2023,success,Mr. Joseph Daniel Margolis J.D.,male,success,23,2023-01-01,139.5958251953125,-0.36136647767064545,-0.2781434745411038,"Salt Lake City, Utah",Real Estate
XOM,36.47,8.1,18.55,9.82,01/08/2022,success,Mr. Darren W. Woods,male,success,22,2022-01-08,63.68315887451172,0.46779544284252494,0.14600914537848375,"Irving, Texas",Energy
FFIV,19.18,5.42,1.26,12.49,01/01/2023,success,Mr. Francois  Locoh-Donou,male,success,23,2023-01-01,144.85000610351562,0.02572945396844739,-0.33521945851123525,"Seattle, Washington",Information Technology
FDS,20.44,6.61,2.94,10.88,01/01/2023,success,Mr. Frederick Philip Snow,male,success,23,2023-01-01,403.1613464355469,0.02388961776226317,-0.04425356852273765,"Norwalk, Connecticut",
FAST,26.4,7.05,10.69,8.66,01/01/2023,success,Mr. Daniel L. Florness,male,success,23,2023-01-01,46.20210647583008,0.17671951008538045,-0.19202617547538503,"Winona, Minnesota",Industrials
FDX,20.45,5.84,5.29,9.32,01/08/2022,success,Mr. Rajesh  Subramaniam,male,success,22,2022-01-08,247.29893493652344,-0.3270098401769228,-0.05042847601500511,"Memphis, Tennessee",Industrials
FITB,17.44,7.36,1.41,8.68,01/01/2023,success,Mr. Timothy N. Spence,male,success,23,2023-01-01,31.389184951782227,-0.33998610840423293,-0.20899502993656205,"Cincinnati, Ohio",Financials
FE,29.51,6.84,12.96,9.72,01/01/2023,success,Mr. Brian X. Tierney,male,success,23,2023-01-01,40.31211853027344,-0.107506454604816,-0.04204797410163719,"Akron, Ohio",Utilities
FIS,18.08,5.68,1.27,11.14,01/08/2022,success,Ms. Stephanie L. Ferris,female,success,22,2022-01-08,110.79198455810547,-0.2596021928988058,-0.21000935448496894,"Jacksonville, Florida",Information Technology
FLT,18.11,6.16,2.88,9.08,01/01/2023,success,Mr. Ronald F. Clarke,male,success,23,2023-01-01,183.19000244140625,0.08651416069734885,-0.26764559904027685,"Atlanta, Georgia",
FMC,32.74,7.47,16.18,9.09,01/01/2023,success,Mr. Mark A. Douglas,male,success,23,2023-01-01,122.54106903076172,-0.7501455326714552,-0.013275865639158613,"Philadelphia, Pennsylvania",Materials
F,29.95,9.35,9.27,11.34,01/08/2022,success,Mr. James D. Farley Jr.,male,success,22,2022-01-08,20.902246475219727,-0.2628671409355191,0.5854955569288564,"Dearborn, Michigan",Consumer Discretionary
FTNT,19.13,5.71,1.23,12.19,01/01/2023,success,Mr. Ken  Xie,male,success,23,2023-01-01,48.52000045776367,0.12969008159925965,-0.28206232065073855,"Sunnyvale, California",
FTV,34.76,4.7,16.09,13.97,01/01/2023,success,Mr. James A. Lico,male,success,23,2023-01-01,63.99879837036133,-0.016756732022516152,0.09450123237093877,"Everett, Washington",Industrials
BEN,18.18,7.18,1.12,9.88,01/01/2023,success,Ms. Jennifer M. Johnson,female,success,23,2023-01-01,26.184120178222656,-0.2590033948061974,0.044678028557594396,"San Mateo, California",Financials
FCX,31.94,5.22,16.56,10.15,01/01/2023,success,Mr. Richard C. Adkerson,male,success,23,2023-01-01,37.366416931152344,-0.21743690772367663,-0.14753135879658485,"Phoenix, Arizona",Materials
GRMN,18.54,5.28,5.4,7.86,01/01/2023,success,Mr. Clifton  Albert Pemble,male,success,23,2023-01-01,91.5871353149414,0.04868739841439207,-0.20741919544159937,"Schaffhausen, Switzerland",Consumer Discretionary
IT,21.78,6.2,0.13,15.44,01/01/2023,success,Mr. Eugene A. Hall,male,success,23,2023-01-01,337.489990234375,-0.012648629587372562,0.15481870013891685,"Stamford, Connecticut",Information Technology
GEN,14.98,4.81,0.7,9.47,01/01/2023,success,Mr. Vincent  Pilette,male,success,23,2023-01-01,21.06568717956543,-0.268931232895926,-0.16576426879244666,"Tempe, Arizona",
GD,34.88,6.87,8.48,19.52,01/08/2022,success,Ms. Phebe N. Novakovic,female,success,22,2022-01-08,201.2400360107422,0.20980122219857888,0.16333170845471479,"Falls Church, Virginia",Industrials
GE,40.71,11.58,14.09,15.04,01/08/2022,success,Mr. H. Lawrence Culp Jr.,male,success,22,2022-01-08,77.09436798095703,-0.08733041892276638,-0.09183156465793263,"Boston, Massachusetts",Industrials
GIS,21.51,4.13,8.45,8.94,01/08/2022,success,Mr. Jeffrey L. Harmening,male,success,22,2022-01-08,65.3372573852539,0.20089614090055852,0.12079898659105504,"Golden Valley, Minnesota",Consumer Staples
GM,30.89,7.69,10.28,12.92,01/08/2022,success,Ms. Mary T. Barra,female,success,22,2022-01-08,60.32290267944336,-0.22127943718397325,0.028674895932575772,"Detroit, Michigan",Consumer Discretionary
GPC,12.62,3.78,3.62,5.23,01/01/2023,success,Mr. Paul D. Donahue,male,success,23,2023-01-01,166.73545837402344,-0.22468341283235038,0.3680617013252633,"Atlanta, Georgia",Consumer Discretionary
GILD,22.08,8.01,0.03,14.04,01/08/2022,success,Mr. Daniel P.  O'Day,male,success,22,2022-01-08,66.98456573486328,0.2291781710400178,0.16934490594100504,"Foster City, California",Health Care
GL,20.25,10.51,1.58,8.16,01/01/2023,success,Mr. Frank Martin Svoboda,male,success,23,2023-01-01,118.6484146118164,-0.04821947069446786,0.201380274549382,"McKinney, Texas",
GPN,19.03,6.8,1.25,10.98,01/01/2023,success,Mr. Cameron M. Bready CPA,male,success,23,2023-01-01,99.50172424316406,-0.0352003377056771,-0.27854632967957793,"Atlanta, Georgia",Information Technology
GS,26.16,12.24,1.25,12.67,01/08/2022,success,Mr. David  Solomon,male,success,22,2022-01-08,380.0574951171875,0.02096490869426204,0.19975815794588136,"New York City, New York",Financials
HAL,23.8,6.32,8.89,8.59,01/08/2022,success,Mr. Jeffrey Allen Miller,male,success,22,2022-01-08,25.15369415283203,0.32271157382695437,0.11202724625685456,"Houston, Texas",Energy
HIG,16.17,8.67,1.5,5.99,01/01/2023,success,Mr. Christopher Jerome Swift CPA,male,success,23,2023-01-01,74.03438568115234,-0.04037442247331591,0.09312157210210426,"Hartford, Connecticut",Financials
HAS,7.11,4.2,0.04,2.88,01/01/2023,success,Mr. Christian  Cocks,male,success,23,2023-01-01,58.88224411010742,-0.16168154433775683,-0.2464166182779789,"Pawtucket, Rhode Island",Consumer Discretionary
HCA,28.24,7.4,3.5,17.34,01/08/2022,success,Mr. Samuel N. Hazen,male,success,22,2022-01-08,245.2521209716797,0.02781363067787368,0.3606365403926217,"Nashville, Tennessee",Health Care
PEAK,9.73,4.49,3.01,2.22,01/01/2023,success,Mr. Scott M. Brinker,male,success,23,2023-01-01,24.03447151184082,-0.4684758906686337,-0.24702038894129397,"Long Beach, California",
HSIC,13.37,5.64,2.14,5.59,01/01/2023,success,Mr. Stanley M. Bergman,male,success,23,2023-01-01,79.5999984741211,-0.24284083871324402,-0.053455894699579565,"Melville, New York",Health Care
HSY,27.43,5.24,11.3,10.89,01/01/2023,success,Ms. Michele Gross Buck,female,success,23,2023-01-01,222.47938537597656,-0.15613207976103827,0.08832491675059162,"Hershey, Pennsylvania",Consumer Staples
HES,36.05,6.75,22.11,7.2,01/01/2023,success,Mr. John B. Hess,male,success,23,2023-01-01,133.29483032226562,0.004883784800519209,0.36377413127901315,"New York City, New York",Energy
HPE,11.94,6.25,0.76,4.92,01/08/2022,success,Mr. Antonio Fabio Neri,male,success,22,2022-01-08,16.091814041137695,-0.05719797107307312,0.04816972444162515,"Houston, Texas",Information Technology
HLT,17.44,3.67,7.0,6.77,01/01/2023,success,Mr. Christopher J. Nassetta,male,success,23,2023-01-01,124.53273010253906,0.05249342374359045,-0.1224819588306374,"Tysons Corner, Virginia",Consumer Discretionary
HOLX,28.24,10.18,4.79,13.27,01/01/2023,success,Mr. Stephen P. MacMillan,male,success,23,2023-01-01,75.55000305175781,-0.20701858204678947,-0.008710922262502696,"Marlborough, Massachusetts",Health Care
HD,12.54,3.63,3.4,5.51,01/08/2022,success,Mr. Edward P. Decker,male,success,22,2022-01-08,370.18792724609375,-0.16193633295613163,0.3229905460073522,"Atlanta, Georgia",Consumer Discretionary
HON,29.31,8.54,10.58,10.19,01/08/2022,success,Mr. Vimal M. Kapur,male,success,22,2022-01-08,204.615966796875,0.061623265550764916,-0.02276144352866305,"Charlotte, North Carolina",Industrials
HRL,29.91,6.0,13.23,10.68,01/01/2023,success,Mr. James P. Snee,male,success,23,2023-01-01,44.47813415527344,-0.30040328223442225,-0.09714880243249968,"Austin, Minnesota",Consumer Staples
HST,13.94,5.05,3.25,5.64,01/01/2023,success,Mr. James F. Risoleo,male,success,23,2023-01-01,15.489457130432129,-0.15156398126365733,-0.09227631543360026,"Bethesda, Maryland",Real Estate
HPQ,10.93,5.82,0.11,5.0,01/08/2022,success,Mr. Enrique J. Lores,male,success,22,2022-01-08,36.758880615234375,-0.20211503236940198,0.23217067799980318,"Palo Alto, California",Information Technology
HUBB,25.29,5.2,9.56,10.53,01/01/2023,success,Mr. Gerben W. Bakker,male,success,23,2023-01-01,231.75941467285156,0.25947423273833004,0.2983198088234058,"Shelton, Connecticut",
HUM,22.37,5.94,0.01,16.43,01/08/2022,success,Mr. Bruce Dale Broussard,male,success,22,2022-01-08,380.4939880371094,0.3673882709454297,0.14260296352031165,"Louisville, Kentucky",Health Care
HBAN,20.38,7.63,1.96,10.79,01/01/2023,success,Mr. Stephen D. Steinour,male,success,23,2023-01-01,13.509048461914062,-0.35533959492962364,0.032686730869623815,"Columbus, Ohio; Detroit, Michigan",Financials
IBM,14.77,7.64,0.47,6.67,01/08/2022,success,Mr. Arvind  Krishna,male,success,22,2022-01-08,122.56258392333984,0.09778749706650935,0.10373377074167722,"Armonk, New York",Information Technology
IEX,26.82,5.72,8.1,13.0,01/01/2023,success,Mr. Eric D. Ashleman,male,success,23,2023-01-01,226.82742309570312,-0.199629395682565,0.20631373856015867,"Lake Forest, Illinois",
IDXX,19.45,9.05,3.3,7.1,01/01/2023,success,Mr. Jonathan J. Mazelsky,male,success,23,2023-01-01,406.010009765625,-0.16130407327941354,-0.21562080886859203,"Westbrook, Maine",Health Care
ITW,19.6,6.22,4.31,9.07,01/08/2022,success,Mr. E. Scott Santi,male,success,22,2022-01-08,233.80014038085938,-0.026768288100591175,0.13314419023068258,"Glenview, Illinois",Industrials
ILMN,10.9,6.21,0.98,3.72,01/01/2023,success,Mr. Jacob  Thaysen Ph.D.,male,success,23,2023-01-01,200.8699951171875,-0.6072323922075169,-0.4421925099430414,"San Diego, California",Health Care
INCY,24.12,7.11,1.45,15.55,01/01/2023,success,Mr. Herve  Hoppenot,male,success,23,2023-01-01,79.55000305175781,-0.45440941523566414,0.028071102314477292,"Wilmington, Delaware",Health Care
INTC,17.26,6.96,4.36,5.94,01/08/2022,success,Mr. Patrick P. Gelsinger,male,success,22,2022-01-08,51.891204833984375,-0.43372609707048126,-0.18156853560351072,"Santa Clara, California",Information Technology
ICE,16.34,6.68,1.68,7.98,01/08/2022,success,Mr. Jeffrey C. Sprecher,male,success,22,2022-01-08,128.12179565429688,-0.2287660923508562,0.23676154288331752,"Atlanta, Georgia",Financials
IFF,22.31,6.5,10.39,5.42,01/01/2023,success,Mr. Franklin K. Clyburn Jr.,male,success,23,2023-01-01,102.327392578125,-0.45080480304239046,-0.16111552123815576,"New York City, New York",Materials
IP,23.71,4.95,14.26,4.5,01/01/2023,success,Mr. Mark Stephan Sutton,male,success,23,2023-01-01,33.541141510009766,-0.15547128103309515,-0.19733240683933106,"Memphis, Tennessee",Materials
IPG,10.43,5.28,0.04,5.11,01/01/2023,success,Mr. Philippe  Krakowsky,male,success,23,2023-01-01,32.91716384887695,-0.21942387593113377,0.01269888390695506,"New York City, New York",Consumer Discretionary
INTU,16.2,4.7,0.97,10.52,01/08/2022,success,Mr. Sasan K. Goodarzi,male,success,22,2022-01-08,563.2835693359375,-0.19423623315681626,0.5529418260984104,"Mountain View, California",Information Technology
ISRG,23.74,9.6,4.37,9.78,01/08/2022,success,Dr. Gary S. Guthart Ph.D.,male,Manually added gender,22,2022-01-08,325.5299987792969,-0.05877070661007178,0.4285419879376666,"Sunnyvale, California",Health Care
IVZ,20.33,9.76,0.7,9.87,01/01/2023,success,Mr. Andrew Ryan Schlossberg,male,success,23,2023-01-01,17.343477249145508,-0.2820811614892492,-0.11483808531426076,"Atlanta, Georgia",Financials
IQV,19.14,7.22,1.3,10.62,01/01/2023,success,Mr. Ari  Bousbib,male,success,23,2023-01-01,203.86000061035156,-0.22858738376359378,-0.08040426023288694,"Durham, North Carolina",Health Care
IRM,14.74,6.0,5.0,3.74,01/01/2023,success,"Mr. William L. Meaney BSc, MEng, MSIA",male,success,23,2023-01-01,48.04692459106445,0.10929892743647263,-0.0342306299385553,"Boston, Massachusetts",Real Estate
JBHT,13.86,4.86,3.0,6.01,01/01/2023,success,Mr. John N. Roberts III,male,success,23,2023-01-01,171.06004333496094,-0.07976745815293229,-0.09044312731414472,"Lowell, Arkansas",Industrials
JKHY,15.45,5.22,0.78,9.45,01/01/2023,success,Mr. David B. Foss,male,success,23,2023-01-01,174.3277587890625,-0.22063464292241186,-0.08308143441452343,"Monett, Missouri",
J,22.37,5.62,5.29,11.46,01/08/2022,success,Mr. Robert V. Pragada,male,success,22,2022-01-08,131.44235229492188,-0.06661601958492891,0.08303312118523909,"Dallas, Texas",
JNJ,25.08,8.55,0.74,15.79,01/08/2022,success,Mr. Joaquin  Duato,male,success,22,2022-01-08,163.6914825439453,0.04328776961002123,0.07672816238283642,"New Brunswick, New Jersey",Health Care
JCI,14.7,5.25,4.89,4.55,01/08/2022,success,Mr. George R. Oliver,male,success,22,2022-01-08,75.06905364990234,-0.144590084781963,0.3340298228182822,"Cork, Ireland",Industrials
JPM,29.02,11.73,1.11,16.18,01/08/2022,success,Mr. James  Dimon,male,success,22,2022-01-08,158.44960021972656,-0.08738495539136559,0.06665550911133777,"New York City, New York",Financials
JNPR,16.59,6.41,1.66,8.52,01/01/2023,success,Mr. Rami  Rahim,male,success,23,2023-01-01,31.819419860839844,-0.15185791137871818,-0.09249279881792816,"Sunnyvale, California",Information Technology
K,26.84,4.58,7.4,14.87,01/08/2022,success,Mr. Steven A. Cahillane,male,success,22,2022-01-08,58.93751907348633,0.23420517998082158,0.04294525184254949,"Chicago, Illinois",Consumer Staples
KEY,23.14,10.17,1.89,11.08,01/01/2023,success,Mr. Christopher Marrott Gorman,male,success,23,2023-01-01,16.73842430114746,-0.4594697456536264,-0.17971963167532468,"Cleveland, Ohio",Financials
KEYS,9.31,5.04,2.03,2.24,01/01/2023,success,Mr. Satish C. Dhanasekaran,male,success,23,2023-01-01,170.94000244140625,-0.3622697454044528,0.11146947168820265,"Santa Rosa, California",
KMB,22.05,6.23,8.05,7.77,01/08/2022,success,Mr. Michael D. Hsu,male,success,22,2022-01-08,135.72511291503906,-0.051483065975414743,0.049681554839274944,"Irving, Texas",Consumer Staples
KIM,12.14,5.53,3.7,2.91,01/01/2023,success,Mr. Conor C. Flynn,male,success,23,2023-01-01,20.479961395263672,-0.2121118814468389,-0.07630834831785616,"New Hyde Park, New York",Real Estate
KMI,18.55,3.48,7.75,7.32,01/08/2022,success,Ms. Kimberly Allen Dang,female,success,22,2022-01-08,15.358702659606934,0.10083518331560037,0.004169133472074926,"Houston, Texas",Energy
KLAC,16.79,4.91,7.13,4.76,01/01/2023,success,Mr. Richard P. Wallace,male,success,23,2023-01-01,372.035888671875,0.18967390658367067,0.12643144596242128,"Milpitas, California",Information Technology
KHC,35.3,6.63,14.38,14.29,01/08/2022,success,Mr. Miguel  Patricio,male,success,22,2022-01-08,34.68990707397461,0.1483465960632142,-0.07165419714183774,"Chicago, Illinois; Pittsburgh, Pennsylvania",Consumer Staples
KR,21.39,5.46,6.51,9.43,01/08/2022,success,Mr. William Rodney McMullen,male,success,22,2022-01-08,47.027915954589844,0.12478095012409318,0.26521758803723383,"Cincinnati, Ohio",Consumer Staples
LH,18.81,7.13,0.13,11.55,01/01/2023,success,Mr. Adam H. Schechter,male,success,23,2023-01-01,201.42904663085938,-0.06453132451274357,-0.06839492793785173,"Burlington, North Carolina",Health Care
LRCX,13.45,4.98,4.5,3.97,01/01/2023,success,Mr. Timothy M. Archer,male,success,23,2023-01-01,410.4264221191406,0.19841061467754317,-0.14042497277603516,"Fremont, California",Information Technology
LVS,17.69,8.65,1.28,7.76,01/08/2022,success,Mr. Robert Glen Goldstein,male,success,22,2022-01-08,36.155582427978516,-0.14885939473419174,-0.4231002891573391,"Las Vegas, Nevada",
LDOS,11.67,5.39,1.29,4.99,01/01/2023,success,Mr. Thomas A. Bell,male,success,23,2023-01-01,103.45947265625,-0.03303149990746301,0.012670983011358716,"Reston, Virginia",
LEN,23.11,5.47,8.89,8.77,01/01/2023,success,Mr. Stuart A. Miller,male,success,23,2023-01-01,90.74777221679688,0.05843940222208899,0.1660306949593866,"Miami, Florida",Consumer Discretionary
LKQ,10.54,3.27,3.27,4.0,01/01/2023,success,Mr. Dominick P. Zarcone,male,success,23,2023-01-01,52.7043342590332,-0.2696243514038953,0.21112615981239136,"Chicago, Illinois",Consumer Discretionary
LMT,28.36,7.2,5.27,15.9,01/08/2022,success,Mr. James D. Taiclet Jr.,male,success,22,2022-01-08,347.0686340332031,0.2798501354344981,-0.017434501484499654,"Bethesda, Maryland",Industrials
L,16.48,11.63,0.59,4.25,01/01/2023,success,Mr. James S. Tisch,male,success,23,2023-01-01,58.35410690307617,0.03156728442834911,-0.07976192675996874,"New York City, New York",Financials
LOW,11.49,3.15,3.7,4.63,01/08/2022,success,Mr. Marvin R. Ellison,male,success,22,2022-01-08,238.1896514892578,-0.1423394701738082,0.3250181568984194,"Mooresville, North Carolina",Consumer Discretionary
LULU,16.94,5.5,1.58,9.86,01/01/2023,success,Mr. Calvin R. McDonald,male,success,23,2023-01-01,323.3800048828125,0.2772105262072627,-0.060020344690356,"Vancouver, Canada",
LYB,24.59,5.82,16.64,2.13,01/08/2022,success,Mr. Peter Z. E. Vanacker,male,success,22,2022-01-08,84.35823059082031,-0.10036175649964907,-0.07520740656640679,"Rotterdam, Netherlands",Materials
MTB,26.16,11.19,2.2,12.77,01/08/2022,success,Mr. Rene F. Jones CPA,male,success,22,2022-01-08,167.72434997558594,0.0377180279369701,0.04690443247169729,"Buffalo, New York",Financials
MRO,42.01,7.96,23.91,10.14,01/01/2023,success,Mr. Lee M. Tillman,male,success,23,2023-01-01,25.226211547851562,0.018569684632310013,0.23451820902528542,"Houston, Texas",Energy
MPC,28.7,5.79,15.91,7.01,01/08/2022,success,Mr. Michael J. Hennigan,male,success,22,2022-01-08,67.08773803710938,0.5431707165503342,0.22020829572936917,"Findlay, Ohio",Energy
MAR,21.89,4.09,8.75,9.05,01/08/2022,success,Mr. Anthony G. Capuano Jr.,male,success,22,2022-01-08,159.3780975341797,0.04826534308469632,0.13113364292018892,"Bethesda, Maryland",Consumer Discretionary
MMC,19.45,11.49,0.06,7.9,01/08/2022,success,Mr. John Quinlan Doyle,male,success,22,2022-01-08,160.55967712402344,0.09003779615799268,0.3824367095646646,"New York City, New York",Financials
MLM,31.82,8.74,18.55,4.53,01/01/2023,success,Mr. C. Howard Nye,male,success,23,2023-01-01,336.457275390625,0.144616020360957,-0.08767353572103687,"Raleigh, North Carolina",Materials
MAS,22.44,7.21,9.44,5.8,01/01/2023,success,Mr. Keith J. Allman,male,success,23,2023-01-01,46.43581008911133,0.021220972771618163,-0.04293657179790056,"Livonia, Michigan",Industrials
MA,16.98,8.57,0.32,8.1,01/08/2022,success,Mr. Michael  Miebach,male,success,22,2022-01-08,360.06805419921875,-0.11392479456284665,0.04140070964992559,"Harrison, New York",Information Technology
MKC,26.58,5.21,10.07,11.3,01/01/2023,success,Mr. Brendan M. Foley,male,success,23,2023-01-01,82.217041015625,-0.11946932702851609,-0.13474471361745066,"Hunt Valley, Maryland",Consumer Staples
MCD,24.79,6.32,4.18,14.3,01/08/2022,success,Mr. Christopher J. Kempczinski,male,success,22,2022-01-08,254.4077606201172,0.09734215694433768,0.199413665821924,"Chicago, Illinois",Consumer Discretionary
MCK,15.17,5.52,2.29,7.37,01/08/2022,success,Mr. Brian S. Tyler Ph.D.,male,success,22,2022-01-08,248.12330627441406,0.46377704655792007,0.2658509173788365,"Irving, Texas",Health Care
MDT,22.66,7.63,2.39,12.63,01/08/2022,success,Mr. Geoffrey Straub Martha,male,success,22,2022-01-08,99.93671417236328,-0.13702427656906624,-0.08947088212032861,"Dublin, Ireland",Health Care
MRK,21.84,9.57,0.79,11.47,01/08/2022,success,Mr. Robert M. Davis J.D.,male,success,22,2022-01-08,78.19454956054688,0.26069705708087265,0.10507777897527748,"Kenilworth, New Jersey",Health Care
META,32.54,10.51,1.02,21.01,01/08/2022,success,Mr. Mark Elliot Zuckerberg,male,success,22,2022-01-08,328.07000732421875,-0.9978144902515811,0.17423263351800566,"Menlo Park, California",
MET,14.95,9.41,0.73,4.82,01/08/2022,success,Mr. Michel Abbas Khalaf,male,success,22,2022-01-08,63.39280700683594,0.135425684265996,0.06510290908617145,"New York City, New York",Financials
MTD,13.32,4.91,1.0,7.41,01/01/2023,success,Mr. Patrick K. Kaltenbach,male,success,23,2023-01-01,1461.8699951171875,-0.4388172646149908,0.10979537820860508,"Columbus, Ohio",Health Care
MGM,25.49,10.53,2.0,12.97,01/01/2023,success,Mr. William Joseph Hornbuckle IV,male,success,23,2023-01-01,33.279998779296875,-0.1192581683471019,-0.16016356480538707,"Paradise, Nevada",Consumer Discretionary
MCHP,30.98,7.4,14.83,8.75,01/01/2023,success,Mr. Ganesh  Moorthy,male,success,23,2023-01-01,67.7646255493164,-0.03663280729183038,0.04567271843249898,"Chandler, Arizona",Information Technology
MU,17.44,5.77,6.6,5.07,01/08/2022,success,Mr. Sanjay  Mehrotra,male,success,22,2022-01-08,92.65248107910156,-0.33295368560735505,0.09752838003992748,"Boise, Idaho",Information Technology
MSFT,15.24,5.33,1.53,8.39,01/08/2022,success,Mr. Satya  Nadella,male,success,22,2022-01-08,308.6161193847656,-0.2486959109870337,0.395568093094117,"Redmond, Washington",Information Technology
MAA,14.64,5.4,5.5,3.74,01/01/2023,success,Mr. H. Eric Bolton Jr.,male,success,23,2023-01-01,149.68032836914062,-0.30590695999944617,-0.24795159527671695,"Memphis, Tennessee",Real Estate
MHK,14.17,4.36,5.61,4.19,01/01/2023,success,Mr. Jeffrey S. Lorberbaum,male,success,23,2023-01-01,106.86000061035156,-0.36557315256245393,-0.14629824564487104,"Calhoun, Georgia",Consumer Discretionary
TAP,21.21,5.57,6.96,8.67,01/01/2023,success,Mr. Gavin D. K. Hattersley,male,success,23,2023-01-01,48.415950775146484,0.12737380062804315,0.01019921059125628,"Chicago, Illinois",Consumer Staples
MDLZ,23.78,5.18,9.46,9.08,01/08/2022,success,Mr. Dirk  Van de Put,male,success,22,2022-01-08,64.36803436279297,-0.04882661501557606,0.14454528741346517,"Chicago, Illinois",Consumer Staples
MNST,28.03,5.03,12.43,10.58,01/08/2022,success,"Mr. Rodney Cyril Sacks H.Dip.Law, H.Dip.Tax",male,success,22,2022-01-08,46.3650016784668,0.09354342193130138,0.06431093600636528,"Corona, California",Consumer Staples
MCO,10.5,5.25,0.02,5.23,01/01/2023,success,Mr. Robert Scott Fauber,male,success,23,2023-01-01,273.8412170410156,-0.029831416256506538,-0.1382051405315221,"New York City, New York",Financials
MS,22.22,9.73,0.72,11.76,01/08/2022,success,Mr. James Patrick Gorman,male,success,22,2022-01-08,96.83856201171875,-0.1624287821293494,0.2797538678235344,"New York City, New York",Financials
MOS,34.06,8.66,14.35,11.05,01/01/2023,success,Mr. James C. O'Rourke P.Eng.,male,success,23,2023-01-01,41.78025817871094,-0.297314014815112,-0.33963847902727695,"Tampa, Florida",Materials
MSI,14.31,5.39,2.21,6.7,01/01/2023,success,Mr. Gregory Q. Brown,male,success,23,2023-01-01,254.92288208007812,0.0887824298385731,0.10468559709395642,"Chicago, Illinois",Information Technology
MSCI,16.01,7.59,1.65,6.77,01/01/2023,success,Mr. Henry A. Fernandez,male,success,23,2023-01-01,456.27557373046875,-0.06043060665484512,-0.021704641461234853,"New York City, New York",
NDAQ,11.65,5.28,1.81,4.56,01/01/2023,success,Ms. Adena T. Friedman,female,success,23,2023-01-01,60.99375534057617,-0.1839562303644765,0.08118039678193556,"New York City, New York",Financials
NTAP,15.49,5.98,2.58,6.93,01/01/2023,success,Mr. George  Kurian,male,success,23,2023-01-01,59.03554153442383,0.10775016092283463,-0.25943874127058575,"San Jose, California",Information Technology
NFLX,16.25,9.34,0.09,6.83,01/08/2022,success,Mr. Theodore A. Sarandos,male,success,22,2022-01-08,539.8499755859375,-0.10651236020911803,0.18040027909606549,"Los Gatos, California",Information Technology
NEM,20.33,5.16,6.92,8.24,01/01/2023,success,Mr. Thomas Ronald Palmer,male,success,23,2023-01-01,48.12630081176758,-0.23931652281963445,-0.42838522829035963,"Denver, Colorado",Materials
NWSA,11.61,7.02,0.02,4.58,01/01/2023,success,Mr. Robert J. Thomson,male,success,23,2023-01-01,18.096271514892578,0.05091876020674735,-0.14440971720160178,"New York City, New York",Consumer Discretionary
NEE,27.53,5.83,14.05,7.64,01/08/2022,success,Mr. John W. Ketchum,male,success,22,2022-01-08,80.26325988769531,0.055462097018380896,0.23417206807683355,"Juno Beach, Florida",Utilities
NKE,16.95,6.92,3.04,6.99,01/08/2022,success,Mr. John J. Donahoe II,male,success,22,2022-01-08,147.43621826171875,-0.38558926601129495,0.2670525891093597,"Washington County, Oregon",Consumer Discretionary
NI,29.51,5.18,14.08,10.25,01/01/2023,success,Mr. Lloyd M. Yates,male,success,23,2023-01-01,26.442272186279297,-0.055558552261012695,-0.09750285903372569,"Merrillville, Indiana",Utilities
NDSN,26.66,5.59,9.26,11.8,01/01/2023,success,Mr. Sundaram  Nagarajan,male,success,23,2023-01-01,235.9886474609375,-0.10858954353060857,0.07217761791200683,"Westlake, Ohio",
NSC,22.73,3.32,8.05,11.36,01/08/2022,success,Mr. Alan H. Shaw,male,success,22,2022-01-08,275.3750305175781,-0.12142867192327378,0.14144845496289526,"Atlanta, Georgia",Industrials
NTRS,23.86,10.17,1.87,11.83,01/01/2023,success,Mr. Michael Gerard O'Grady,male,success,23,2023-01-01,87.30696868896484,-0.34694456744164004,-0.21941093904027498,"Chicago, Illinois",Financials
NOC,27.4,5.05,7.47,14.87,01/08/2022,success,Ms. Kathy J. Warden,female,success,22,2022-01-08,390.0376892089844,0.43733693697892295,0.19571594061086695,"West Falls Church, Virginia",Industrials
NCLH,26.22,4.12,11.98,10.12,01/01/2023,success,Mr. Harry J. Sommer,male,success,23,2023-01-01,11.859999656677246,0.03236442994856559,-0.34833614473271624,"Miami, Florida",Consumer Discretionary
NRG,32.16,5.67,17.08,9.42,01/01/2023,success,Mr. Mauricio  Gutierrez,male,success,23,2023-01-01,30.630523681640625,0.2444751458028499,-0.049801885401235535,"Houston, Texas",Utilities
NUE,31.94,8.95,9.66,13.33,01/01/2023,success,Mr. Leon J. Topalian,male,success,23,2023-01-01,129.77426147460938,-0.07386046272322366,0.02879090105304294,"Charlotte, North Carolina",Materials
NVDA,13.45,6.03,2.26,5.16,01/08/2022,success,Mr. Jen-Hsun  Huang,male,success,22,2022-01-08,273.6466979980469,-0.4131786534326163,0.9046035893332465,"Santa Clara, California",Information Technology
NVR,20.33,5.3,7.21,7.82,01/01/2023,success,Mr. Eugene James Bredow,male,success,23,2023-01-01,4589.31982421875,0.04645981487165418,0.05075005651647424,"Reston, Virginia",
NXPI,21.6,5.55,8.67,7.39,01/08/2022,success,Mr. Kurt  Sievers,male,success,22,2022-01-08,213.93084716796875,-0.21215464554558006,0.15217193333570123,"Eindhoven, Netherlands",
ORLY,13.03,3.98,0.16,8.89,01/08/2022,success,Mr. Gregory D. Johnson,male,success,22,2022-01-08,675.0800170898438,0.28114800175902066,0.3383676594477497,"Springfield, Missouri",Consumer Discretionary
OXY,43.23,6.59,24.61,12.04,01/08/2022,success,Ms. Vicki A. Hollub,female,success,22,2022-01-08,31.83491325378418,0.7744817121345946,0.14732725847589379,"Houston, Texas",Energy
OMC,16.3,6.88,0.09,9.33,01/01/2023,success,Mr. John D. Wren,male,success,23,2023-01-01,80.54270935058594,-0.1011851970587907,0.02815435515341258,"New York City, New York",Consumer Discretionary
ON,26.59,5.42,14.8,6.36,01/01/2023,success,Mr. Hassane S. El-Khoury,male,success,23,2023-01-01,61.61000061035156,-0.01538550361028812,0.12848914277949997,"Phoenix, Arizona",
OKE,26.1,3.31,11.78,11.01,01/01/2023,success,Mr. Pierce H. Norton II,male,success,23,2023-01-01,60.36518096923828,0.008437671781588274,0.03307267304273942,"Tulsa, Oklahoma",Energy
ORCL,13.92,5.69,0.52,7.71,01/08/2022,success,Ms. Safra Ada Catz,female,success,22,2022-01-08,86.76522827148438,0.035563884677207724,0.25691815307290167,"Austin, Texas",Information Technology
PCAR,27.77,8.42,8.36,10.99,01/01/2023,success,Mr. R. Preston Feight,male,success,23,2023-01-01,64.76441955566406,0.1734280232838864,0.18386818764969592,"Bellevue, Washington",Industrials
PKG,16.75,3.76,11.65,1.35,01/01/2023,success,Mr. Mark W. Kowlzan,male,success,23,2023-01-01,125.55829620361328,0.10941578326978585,-0.13306434899852626,"Lake Forest, Illinois",Materials
PANW,13.92,5.6,0.7,7.62,01/01/2023,success,Mr. Nikesh  Arora C.F.A.,male,success,23,2023-01-01,138.4499969482422,0.4609042541591317,-0.35254051205557657,"Santa Clara, California",
PH,29.13,6.24,9.2,13.68,01/01/2023,success,Ms. Jennifer A. Parmentier,female,success,23,2023-01-01,287.2330627441406,0.1681152087479102,0.08483701162655488,"Cleveland, Ohio",Industrials
PAYX,17.48,6.51,1.17,9.81,01/01/2023,success,Mr. John B. Gibson Jr.,male,success,23,2023-01-01,112.3864974975586,-0.009693390979725991,-0.12293346274827655,"Penfield, New York",Information Technology
PYPL,15.99,5.36,0.71,9.92,01/08/2022,success,Mr. James Alexander Chriss,male,success,22,2022-01-08,182.9499969482422,-0.5247336555071415,-0.1866165596738124,"San Jose, California",Information Technology
PNR,22.74,6.07,6.66,10.01,01/01/2023,success,Mr. John L. Stauch,male,success,23,2023-01-01,44.508785247802734,0.09489149563118993,-0.15222022264820412,"Worsley, United Kingdom",Industrials
PEP,15.94,4.48,4.91,6.55,01/08/2022,success,Mr. Ramon Luis Laguarta,male,success,22,2022-01-08,166.1551513671875,0.08050025471684585,0.22940428016223602,"Purchase, New York",Consumer Staples
PFE,25.34,9.66,2.83,12.85,01/08/2022,success,"Dr. Albert  Bourla D.V.M., Ph.D.",male,Manually added gender,22,2022-01-08,52.106773376464844,-0.06247915905068557,0.5457464208397435,"New York City, New York",Health Care
PCG,35.26,6.2,8.41,20.65,01/08/2022,success,Ms. Patricia Kessler Poppe,female,success,22,2022-01-08,12.229999542236328,0.23835433083349034,0.06830769522439395,"San Francisco, California",Utilities
PM,23.79,9.49,3.57,10.73,01/08/2022,success,Mr. Jacek  Olczak,male,success,22,2022-01-08,91.34230041503906,-0.04407100114833529,0.11462253496711305,"New York City, New York",Consumer Staples
PSX,29.35,5.96,16.39,7.0,01/08/2022,success,Mr. Mark E. Lashier,male,success,22,2022-01-08,77.41206359863281,0.31601228384404856,-0.06442271122180021,"Houston, Texas",Energy
PNW,31.06,5.97,14.86,10.23,01/01/2023,success,Mr. Jeffrey B. Guldner,male,success,23,2023-01-01,71.34886932373047,0.02679079082726299,0.04407099807642545,"Phoenix, Arizona",Utilities
PXD,36.74,9.1,18.67,8.97,01/08/2022,success,Mr. Scott Douglas Sheffield,male,success,22,2022-01-08,170.82518005371094,0.322034392597363,0.19408902750066226,"Irving, Texas",Energy
PNC,22.34,8.86,1.73,11.75,01/08/2022,success,Mr. William S. Demchak,male,success,22,2022-01-08,205.4468536376953,-0.1832141869392152,0.16710361841422217,"Pittsburgh, Pennsylvania",Financials
PPG,24.33,7.32,9.32,7.69,01/08/2022,success,Mr. Timothy M. Knavish,male,success,22,2022-01-08,160.07736206054688,-0.2661510761508411,0.1718757194995083,"Pittsburgh, Pennsylvania",Materials
PPL,33.84,5.81,19.71,8.31,01/08/2022,success,Mr. Vincent  Sorgi,male,success,22,2022-01-08,28.481342315673828,-0.05835393953448753,0.08711210222070664,"Allentown, Pennsylvania",Utilities
PFG,17.22,9.88,0.68,6.65,01/01/2023,success,Mr. Daniel Joseph Houston,male,success,23,2023-01-01,81.55651092529297,-0.24533463707587932,0.19709451761402552,"Des Moines, Iowa",Financials
PG,26.61,7.47,9.54,9.6,01/08/2022,success,Mr. Jon R. Moeller,male,success,22,2022-01-08,152.75369262695312,-0.13894681762146022,0.21253150148745314,"Cincinnati, Ohio",Consumer Staples
PGR,20.87,10.85,1.67,8.36,01/01/2023,success,Ms. Susan Patricia Griffith,female,success,23,2023-01-01,129.75868225097656,0.14656754892156343,0.14900995684926122,"Mayfield Village, Ohio",Financials
PLD,8.51,4.27,2.5,1.74,01/08/2022,success,Mr. Hamid R. Moghadam,male,success,22,2022-01-08,146.03134155273438,-0.24043747859369258,0.5030975580883108,"San Francisco, California",Real Estate
PRU,16.21,8.6,1.03,6.57,01/08/2022,success,Mr. Charles Frederick Lowrey Jr.,male,success,22,2022-01-08,103.6231689453125,0.01619380799742154,0.22459772722101268,"Newark, New Jersey",Financials
PEG,26.31,5.46,11.56,9.28,01/01/2023,success,Mr. Ralph A. LaRossa,male,success,23,2023-01-01,60.30647277832031,0.007894807028173467,-0.09367378323012243,"Newark, New Jersey",Utilities
PTC,18.93,5.4,4.92,8.61,01/01/2023,success,Mr. James E. Heppelmann,male,success,23,2023-01-01,119.6500015258789,0.04113102553114578,0.14470651779984567,"Boston, Massachusetts",
PSA,12.3,5.24,4.51,2.55,01/08/2022,success,Mr. Joseph D. Russell Jr.,male,success,22,2022-01-08,326.72869873046875,-0.056235583067199335,0.46223939537652947,"Glendale, California",Real Estate
PHM,20.87,4.86,8.73,7.28,01/01/2023,success,Mr. Ryan R. Marshall,male,success,23,2023-01-01,45.87464904785156,0.2828436767390283,0.12421823866902149,"Atlanta, Georgia",Consumer Discretionary
QRVO,29.08,7.46,13.12,8.5,01/01/2023,success,Mr. Robert A. Bruggeworth,male,success,23,2023-01-01,89.13999938964844,-0.2079533438233857,-0.2561767992744709,"Greensboro, North Carolina",Information Technology
PWR,37.18,9.05,12.4,15.73,01/01/2023,success,Mr. Earl C. Austin Jr.,male,success,23,2023-01-01,140.4224853515625,0.10473051918180543,0.11053473400357017,"Houston, Texas",Industrials
QCOM,16.59,7.71,4.83,4.05,01/08/2022,success,Mr. Cristiano Renno Amon,male,success,22,2022-01-08,172.38778686523438,-0.331402592291689,0.3991021155173854,"San Diego, California",Information Technology
DGX,20.98,8.18,0.13,12.67,01/01/2023,success,Mr. James E. Davis,male,success,23,2023-01-01,152.62939453125,-0.11006777995740036,0.17248713007544303,"Secaucus, New Jersey",Health Care
RL,13.21,5.28,1.14,6.79,01/01/2023,success,Mr. Patrice Jean Louis Louvet,male,success,23,2023-01-01,107.04109954833984,-0.05480440749737425,-0.0004101380420656886,"New York City, New York",Consumer Discretionary
RJF,23.99,12.43,1.18,10.38,01/01/2023,success,Mr. Paul Christopher Reilly,male,success,23,2023-01-01,104.76046752929688,-0.12651692386818714,0.025254228732272344,"St. Petersburg, Florida",Financials
O,15.47,5.74,4.41,5.32,01/01/2023,success,Mr. Sumit  Roy,male,success,23,2023-01-01,61.06321716308594,-0.3339884458843434,-0.03392472594681384,"San Diego, California",Real Estate
REG,10.88,4.45,3.56,2.86,01/01/2023,success,Ms. Lisa  Palmer,female,success,23,2023-01-01,60.851505279541016,-0.08804307810192646,-0.06822423031048852,"Jacksonville, Florida",Real Estate
REGN,18.15,7.03,0.38,10.75,01/08/2022,success,"Dr. Leonard S. Schleifer M.D., Ph.D.",male,Manually added gender,22,2022-01-08,621.27001953125,0.2453781254329691,0.3337191223463041,"Tarrytown, New York",Health Care
RF,16.08,7.44,1.6,7.03,01/01/2023,success,Mr. John M. Turner Jr.,male,success,23,2023-01-01,20.754711151123047,-0.41271506376559186,0.028662342516664663,"Birmingham, Alabama",Financials
RSG,20.98,3.66,11.3,6.02,01/01/2023,success,Mr. Jon  Vander Ark,male,success,23,2023-01-01,127.31700897216797,0.1854880603824538,-0.008395711850249232,"Phoenix, Arizona",Industrials
RMD,26.41,10.63,3.36,12.41,01/01/2023,success,"Mr. Michael J. Farrell BE, MBA, SM",male,success,23,2023-01-01,207.09376525878906,-0.43064611482897586,-0.10935022014549489,"San Diego, California",Health Care
RHI,10.93,3.46,0.1,7.37,01/01/2023,success,Mr. M. Keith Waddell,male,success,23,2023-01-01,71.75086975097656,-0.08382349532417321,-0.3854460766046012,"Menlo Park, California",Industrials
ROK,17.67,5.65,5.37,6.64,01/01/2023,success,Mr. Blake D. Moret,male,success,23,2023-01-01,256.9639587402344,-0.02938265533375739,0.008014346168484843,"Milwaukee, Wisconsin",Industrials
ROL,20.28,7.34,1.76,11.18,01/01/2023,success,Mr. Jerry E. Gahlhoff Jr.,male,success,23,2023-01-01,36.04351806640625,0.04147539824426605,0.09239256411344898,"Atlanta, Georgia",
ROP,22.9,5.56,4.62,12.71,01/01/2023,success,Mr. Laurence Neil Hunn,male,success,23,2023-01-01,431.8760681152344,0.13534183969669122,-0.04886489156479468,"Sarasota, Florida",Industrials
ROST,15.93,5.68,1.8,8.45,01/08/2022,success,Ms. Barbara  Rentler,female,success,22,2022-01-08,100.81224822998047,0.04293693841962953,-0.029414875959880016,"Dublin, California",Consumer Discretionary
RCL,20.97,3.79,9.14,8.04,01/01/2023,success,Mr. Jason T. Liberty,male,success,23,2023-01-01,48.709999084472656,0.35456019000064576,-0.2761059443019559,"Miami, Florida",Consumer Discretionary
SPGI,14.31,8.15,0.0,6.16,01/08/2022,success,Mr. Douglas L. Peterson M.B.A.,male,success,22,2022-01-08,428.2748107910156,-0.19635176991284486,0.31195403317044823,"New York City, New York",Financials
CRM,13.18,4.46,2.34,6.39,01/08/2022,success,Mr. Marc R. Benioff,male,success,22,2022-01-08,229.6300048828125,-0.2990496739062808,0.20793874617215335,"San Francisco, California",Information Technology
SBAC,11.58,5.23,3.11,3.23,01/01/2023,success,Mr. Jeffrey A. Stoops,male,success,23,2023-01-01,277.6170959472656,-0.3312221977722899,-0.17721204324228435,"Boca Raton, Florida",Real Estate
SLB,21.93,5.76,7.41,8.76,01/08/2022,success,Mr. Olivier  Le Peuch,male,success,22,2022-01-08,34.11357498168945,0.3814941066449711,0.13444068486487948,"Houston, Texas",Energy
SEE,20.57,3.23,15.83,1.52,01/01/2023,success,Mr. Emile Z. Chammas,male,success,23,2023-01-01,49.529483795166016,-0.4649247550490043,-0.24356958775987647,"Charlotte, North Carolina",Materials
SRE,24.72,5.5,12.09,7.14,01/08/2022,success,Mr. Jeffrey Walker Martin,male,success,22,2022-01-08,62.3065299987793,0.17264636994153426,0.05456512876456876,"San Diego, California",Utilities
NOW,16.05,6.26,1.41,8.39,01/01/2023,success,Mr. William R. McDermott,male,success,23,2023-01-01,385.5,0.24465238294687264,-0.3289805462926637,"Santa Clara, California",
SHW,28.63,6.72,12.93,8.99,01/08/2022,success,Mr. John G. Morikis,male,success,22,2022-01-08,317.0885314941406,-0.18762990816305514,0.3837030007076365,"Cleveland, Ohio",Materials
SPG,14.21,6.38,3.83,3.99,01/08/2022,success,Mr. David E. Simon,male,success,22,2022-01-08,144.39111328125,-0.19526984608017528,0.4021327115092801,"Indianapolis, Indiana",Real Estate
SWKS,27.76,7.21,11.63,8.93,01/01/2023,success,Mr. Liam K. Griffin,male,success,23,2023-01-01,88.2228775024414,-0.19534397596070663,-0.3009490261123213,"Irvine, California",Information Technology
SJM,30.97,6.16,12.36,12.44,01/01/2023,success,Mr. Mark T. Smucker,male,success,23,2023-01-01,154.25106811523438,-0.25518331142858997,0.19005942437265722,"Orrville, Ohio",Consumer Staples
SNA,30.83,7.59,9.33,13.91,01/01/2023,success,Mr. Nicholas T. Pinchuk,male,success,23,2023-01-01,223.55865478515625,0.057995661863993964,0.15648555897378413,"Kenosha, Wisconsin",Consumer Discretionary
SO,33.09,7.3,14.79,11.0,01/08/2022,success,Mr. Christopher C. Womack,male,success,22,2022-01-08,63.33213424682617,0.003613259223276599,0.14010815491106476,"Atlanta, Georgia",Utilities
LUV,32.39,6.21,11.29,14.89,01/08/2022,success,Mr. Robert E. Jordan,male,success,22,2022-01-08,44.277503967285156,-0.15327104892323018,-0.33839680468028543,"Dallas, Texas",Industrials
SWK,25.93,7.59,5.83,12.51,01/01/2023,success,Mr. Donald  Allan Jr.,male,success,23,2023-01-01,74.05721282958984,0.022762258087735576,-0.5536770866765921,"New Britain, Connecticut",Consumer Discretionary
SBUX,24.83,4.21,6.11,14.5,01/08/2022,success,Mr. Laxman  Narasimhan,male,success,22,2022-01-08,101.44026184082031,-0.07481021275050737,0.08433402160890124,"Seattle, Washington",Consumer Discretionary
STT,22.27,9.11,1.96,11.2,01/08/2022,success,Mr. Ronald Philip O'Hanley,male,success,22,2022-01-08,95.22760009765625,-0.11743457715155148,0.1445710853998089,"Boston, Massachusetts",Financials
STLD,32.39,8.21,9.82,14.36,01/01/2023,success,Mr. Mark D. Millett,male,success,23,2023-01-01,94.05012512207031,-0.09720209203426344,0.27298166371994725,"Fort Wayne, Indiana",
SYK,28.52,10.84,3.72,13.96,01/08/2022,success,Mr. Kevin A. Lobo,male,success,22,2022-01-08,258.47802734375,-0.03762598928740046,0.13511919513834858,"Kalamazoo, Michigan",Health Care
SYF,17.22,7.19,0.13,9.89,01/08/2022,success,Mr. Brian D. Doubles,male,success,22,2022-01-08,45.74808883666992,-0.01987996667204872,0.15436058518086138,"Stamford, Connecticut",Financials
SNPS,13.45,4.07,3.18,6.2,01/01/2023,success,Dr. Aart J. de Geus,male,Manually added gender,23,2023-01-01,319.67999267578125,0.2915512369787898,0.0180985038962852,"Sunnyvale, California",Information Technology
SYY,12.06,4.57,2.79,4.7,01/08/2022,success,Mr. Kevin P. Hourican,male,success,22,2022-01-08,75.80792236328125,0.1556819069005938,0.02090187256549858,"Houston, Texas",Consumer Staples
TMUS,26.07,7.69,5.03,13.35,01/08/2022,success,Mr. G. Michael Sievert,male,success,22,2022-01-08,105.73999786376953,0.3590210773017747,-0.05570042327420954,"Bellevue, Washington",
TROW,17.05,5.39,2.36,9.3,01/01/2023,success,"Mr. Robert W. Sharps C.F.A., CPA",male,success,23,2023-01-01,105.53038787841797,-0.19876731804825476,-0.23677984634929206,"Baltimore, Maryland",Financials
TPR,13.33,4.91,1.23,7.2,01/01/2023,success,Ms. Joanne C. Crevoiserat,female,success,23,2023-01-01,37.88163757324219,-0.4146647606821403,0.10874697538211286,"New York City, New York",Consumer Discretionary
TRGP,33.98,4.13,15.33,14.52,01/01/2023,success,Mr. Matthew J. Meloy,male,success,23,2023-01-01,69.00431060791016,0.14487322917765522,0.037825519490325976,"Houston, Texas",
TGT,14.72,5.06,2.04,7.63,01/08/2022,success,Mr. Brian C. Cornell,male,success,22,2022-01-08,215.72830200195312,-0.1679522860776982,0.19397162687151503,"Minneapolis, Minnesota",Consumer Discretionary
TEL,15.93,4.64,6.42,4.87,01/08/2022,success,Mr. Terrence R. Curtin CPA,male,success,22,2022-01-08,152.8810272216797,-0.09691113409481744,0.24181975605800832,"Schaffhausen, Switzerland",Information Technology
TFX,29.63,8.67,4.83,16.12,01/01/2023,success,Mr. Liam J. Kelly,male,success,23,2023-01-01,248.35902404785156,-0.2644313045931257,-0.2971322276104865,"Wayne, Pennsylvania",
TER,15.86,4.64,6.27,4.95,01/01/2023,success,Mr. Gregory S. Smith,male,success,23,2023-01-01,85.55653381347656,-0.1500789778777991,-0.2294530552007651,"North Reading, Massachusetts",
TSLA,28.54,9.61,2.78,16.16,01/08/2022,success,Mr. Elon R. Musk,male,success,22,2022-01-08,352.7066650390625,-0.19057551267336348,0.5653857486935921,"Austin, Texas",
TXN,19.93,6.03,8.84,5.06,01/08/2022,success,Mr. Haviv  Ilan,male,success,22,2022-01-08,172.5155029296875,-0.04796230868058471,0.02226047382192009,"Dallas, Texas",Information Technology
TXT,33.81,6.53,11.05,16.23,01/01/2023,success,Mr. Scott C. Donnelly,male,success,23,2023-01-01,70.20082092285156,0.06014082568482515,-0.021261553878353934,"Providence, Rhode Island",Industrials
TMO,13.52,6.46,1.47,5.6,01/08/2022,success,Mr. Marc N. Casper,male,success,22,2022-01-08,622.4173583984375,-0.12069369743618075,0.39164520473791287,"Waltham, Massachusetts",Health Care
TJX,14.43,5.12,1.89,7.42,01/08/2022,success,Mr. Ernie L. Herrman,male,success,22,2022-01-08,70.11669158935547,0.054048202938781986,0.15943580477746933,"Framingham, Massachusetts",Consumer Discretionary
TSCO,13.96,4.14,3.04,6.78,01/01/2023,success,Mr. Harry A. Lawton III,male,success,23,2023-01-01,218.90492248535156,-0.14787838053188262,0.006381868477020491,"Brentwood, Tennessee",Consumer Discretionary
TT,16.12,5.16,7.11,3.84,01/01/2023,success,Mr. David S. Regnery,male,success,23,2023-01-01,169.43280029296875,0.08807325117527909,0.1380496449078401,"Dublin, Ireland",
TDG,39.09,8.4,12.84,17.85,01/01/2023,success,Dr. Kevin M. Stein Ph.D.,male,Manually added gender,23,2023-01-01,603.5784912109375,0.14802587228245168,0.03362897256736408,"Cleveland, Ohio",Industrials
TRV,20.52,10.08,0.99,9.45,01/08/2022,success,Mr. Alan David Schnitzer,male,success,22,2022-01-08,157.88319396972656,0.13324787252191816,0.07290311989151632,"New York City, New York",Financials
TRMB,12.98,6.09,3.17,3.72,01/01/2023,success,Mr. Robert G. Painter,male,success,23,2023-01-01,50.599998474121094,-0.19427374388249374,-0.2902120154863277,"Westminster, Colorado",
TSN,36.67,9.97,14.31,12.39,01/01/2023,success,Mr. Donnie D. King,male,success,23,2023-01-01,61.964542388916016,-0.2907718440862782,-0.32182788842105337,"Springdale, Arkansas",Consumer Staples
UDR,12.36,5.21,3.15,4.0,01/01/2023,success,Mr. Thomas W. Toomey,male,success,23,2023-01-01,36.998260498046875,-0.24789117326876164,-0.3489016120599723,"Highlands Ranch, Colorado",Real Estate
ULTA,15.33,4.29,3.83,7.2,01/01/2023,success,Mr. David C. Kimbell,male,success,23,2023-01-01,471.6300048828125,-0.24662706508906607,0.1806540127403773,"Bolingbrook, Illinois",Consumer Discretionary
UNP,25.26,3.69,9.43,12.14,01/08/2022,success,Mr. Vincenzo James Vena,male,success,22,2022-01-08,240.0237579345703,-0.16049925039557622,0.1694179620171241,"Omaha, Nebraska",Industrials
UAL,28.81,4.96,10.9,12.95,01/01/2023,success,Mr. J. Scott Kirby,male,success,23,2023-01-01,37.209999084472656,-0.2787419840480895,-0.10137772512130716,"Chicago, Illinois",Industrials
UPS,19.5,5.38,4.58,9.55,01/08/2022,success,Ms. Carol B. Tome,female,success,22,2022-01-08,197.1090850830078,-0.1319882312600119,0.2891771288654188,"Sandy Springs, Georgia",Industrials
URI,18.45,5.99,5.89,6.57,01/01/2023,success,Mr. Matthew J. Flannery,male,success,23,2023-01-01,351.7355651855469,0.015108266868758657,0.09990177156838109,"Stamford, Connecticut",Industrials
UNH,17.54,5.89,0.03,11.62,01/08/2022,success,Sir Andrew Philip Witty,male,Manually added gender,22,2022-01-08,453.8536071777344,0.17397138885476326,0.3440487040505834,"Minnetonka, Minnesota",Health Care
UHS,32.98,8.6,3.7,20.68,01/01/2023,success,Mr. Marc D. Miller,male,success,23,2023-01-01,141.98719787597656,-0.11899411247384883,0.0836003557960937,"King of Prussia, Pennsylvania",Health Care
VLO,30.05,4.65,18.18,7.23,01/08/2022,success,Mr. R. Lane Riggs,male,success,22,2022-01-08,75.72272491455078,0.524098945123853,0.11338979207252764,"San Antonio, Texas",Energy
VTR,12.75,5.73,2.75,4.28,01/01/2023,success,Ms. Debra A. Cafaro,female,success,23,2023-01-01,44.01200866699219,-0.16056483547645162,-0.23908521682321004,"Chicago, Illinois",Real Estate
VRSN,21.44,5.93,4.74,10.77,01/01/2023,success,Mr. D. James Bidzos,male,success,23,2023-01-01,201.9199981689453,-0.08387476557990803,-0.0352780699448364,"Dulles, Virginia",Information Technology
VRSK,19.3,5.7,0.11,13.5,01/01/2023,success,Mr. Lee M. Shavel,male,success,23,2023-01-01,176.4849395751953,0.23615629092654844,-0.16617852575588876,"Jersey City, New Jersey",Industrials
VZ,18.48,5.69,3.88,8.92,01/08/2022,success,Mr. Hans E. Vestberg,male,success,22,2022-01-08,48.152793884277344,-0.28162623365700756,-0.07057540988348054,"New York City, New York",Telecommunication Services
VRTX,22.82,6.67,0.75,15.4,01/01/2023,success,"Dr. Reshma  Kewalramani FASN, M.D.",female,Manually added gender,23,2023-01-01,286.0199890136719,0.11855049627422087,0.11103361436224257,"Cambridge, Massachusetts",Health Care
VFC,12.89,5.07,0.9,6.91,01/01/2023,success,Mr. Bracken P. Darrell,male,success,23,2023-01-01,26.552766799926758,-0.46612208446224024,-0.59871614200774,"Denver, Colorado",Consumer Discretionary
V,16.07,7.52,0.71,7.84,01/08/2022,success,Mr. Ryan M. McInerney,male,success,22,2022-01-08,208.7211151123047,-0.04213057920599972,0.055229170411370765,"San Francisco, California",Information Technology
VMC,29.02,8.85,15.61,4.56,01/01/2023,success,Mr. James Thomas Hill,male,success,23,2023-01-01,174.5980987548828,0.09569230031106368,-0.0053060721453307425,"Birmingham, Alabama",Materials
WAB,23.25,7.04,4.52,11.69,01/01/2023,success,Mr. Rafael O. Santana,male,success,23,2023-01-01,99.11884307861328,0.04483414073980352,0.08178040710255918,"Pittsburgh, Pennsylvania",
WBA,18.29,4.73,2.03,11.52,01/08/2022,success,Mr. Timothy C. Wentworth,male,success,22,2022-01-08,47.90778732299805,-0.23403538225796183,-0.001372521931842119,"Deerfield, Illinois",Consumer Staples
WMT,24.63,6.31,4.4,13.92,01/08/2022,success,Mr. C. Douglas McMillon,male,success,22,2022-01-08,140.75390625,0.06069845586015621,0.07215942702662947,"Bentonville, Arkansas",Consumer Staples
WM,16.73,3.28,8.22,5.24,01/08/2022,success,Mr. James C. Fish Jr.,male,success,22,2022-01-08,154.78396606445312,0.07249719831420287,0.27062555223150486,"Houston, Texas",Industrials
WAT,17.01,6.24,1.37,9.4,01/01/2023,success,Dr. Udit  Batra Ph.D.,male,Manually added gender,23,2023-01-01,345.5899963378906,-0.297814928823525,0.14743877390814863,"Milford, Massachusetts",Health Care
WEC,27.36,5.27,14.68,7.4,01/01/2023,success,Mr. Scott J. Lauber,male,success,23,2023-01-01,90.88861846923828,-0.10555539989208829,-0.021660663475634445,"Milwaukee, Wisconsin",Utilities
WFC,32.84,15.51,1.94,15.4,01/08/2022,success,Mr. Charles W. Scharf,male,success,22,2022-01-08,52.43892288208008,-0.08885569126892778,0.23736140258744676,"San Francisco, California",Financials
WELL,12.01,4.92,3.87,3.22,01/01/2023,success,Mr. Shankh S. Mitra,male,success,23,2023-01-01,64.95256042480469,0.12101066383645787,-0.31495781613847296,"Toledo, Ohio",Real Estate
WDC,11.43,6.05,1.48,3.91,01/01/2023,success,Mr. David V. Goeckeler,male,success,23,2023-01-01,31.40999984741211,-0.017883734459080203,-0.3390251251446822,"San Jose, California",Information Technology
WY,17.56,3.78,10.48,3.29,01/08/2022,success,"Mr. Devin W. Stockfish Esq., J.D.",male,success,22,2022-01-08,36.315555572509766,-0.1696678397282616,0.1845967128787699,"Seattle, Washington",Real Estate
WHR,15.8,3.96,4.76,7.08,01/01/2023,success,Mr. Marc Robert Bitzer,male,success,23,2023-01-01,136.08926391601562,-0.3225170111028933,-0.12750707133424555,"Benton Harbor, Michigan",Consumer Discretionary
WMB,23.5,3.08,9.98,10.43,01/01/2023,success,Mr. Alan S. Armstrong,male,success,23,2023-01-01,30.811487197875977,0.11886171732021367,0.06523929516842353,"Tulsa, Oklahoma",Energy
WTW,18.61,9.79,0.13,8.68,01/01/2023,success,"Mr. Carl A. Hess CERA, F.S.A.",male,success,23,2023-01-01,242.43809509277344,-0.05681192771490495,0.06522872528577395,"London, United Kingdom",
GWW,14.6,5.72,3.41,5.48,01/01/2023,success,Mr. Donald G. Macpherson,male,success,23,2023-01-01,550.1824951171875,0.2521878343806242,0.13375251948285571,"Lake Forest, Illinois",Industrials
WYNN,26.49,10.96,3.55,11.98,01/01/2023,success,Mr. Craig Scott Billings,male,success,23,2023-01-01,84.94317626953125,-0.13558012303156075,0.10138611742702686,"Paradise, Nevada",Consumer Discretionary
XEL,23.8,4.18,12.87,6.75,01/01/2023,success,Mr. Robert C. Frenzel,male,success,23,2023-01-01,68.32275390625,-0.12066337469363386,0.0069820215302522914,"Minneapolis, Minnesota",Utilities
XYL,16.04,5.08,3.56,7.4,01/01/2023,success,Mr. Patrick K. Decker,male,success,23,2023-01-01,109.33797454833984,-0.12386077329278722,0.308247558298436,"White Plains, New York",Industrials
YUM,20.55,4.44,4.46,11.65,01/08/2022,success,Mr. David W. Gibbs,male,success,22,2022-01-08,129.13275146484375,-0.028018861344921042,0.28343405551588297,"Louisville, Kentucky",Consumer Discretionary
ZBH,27.3,8.24,4.46,14.6,01/01/2023,success,Mr. Ivan  Tornos,male,success,23,2023-01-01,126.55186462402344,-0.16889746410196316,0.022335735218765085,"Warsaw, Indiana",Health Care
ZTS,18.47,8.95,1.38,8.15,01/08/2022,success,Ms. Kristin C. Peck,female,success,22,2022-01-08,209.1437530517578,-0.24294845630381423,0.4696524727507536,"Parsippany, New Jersey",Health Care
